0.058153,0.070488,0.11462,0.02441,0.0086152,0.012335,0,0,0.064245,0.051691,0,-0.037907,-0.025846,-0.022153,-0.0096921,-0.011846,0,0.021147,0,-0.037692,-0.059566,-0.27874,0,0.21774,0.13824,0.12923,0,0,0,0,0.012776,0.54207,0.31583,0,-0.15051,0,0,-0.72675,-0.19934,-0.16778,-0.057591,-0.059318,-0.4461,-0.46054,0,0.17873,0.10652,0.11298,0.11631,0,-0.082128,0,0.52072,0.19219,0.20038,0.1504,0.15789,0.01279,0.012847,0.5731,0.33648,0.3919,0.71399
0.071183,0.00419,0.0041872,0.040795,0.046684,0.021982,0.022779,0.073336,0.062369,0.068251,0.02356,0.022075,0.055792,0.058751,0.062651,0.067827,0.071518,0.073008,0.071896,0.074943,0.084381,0.090164,0.10337,0.017596,0.0094911,0.0098426,0.010574,0.011304,0.012368,0.015281,0.015763,0.014227,0.014958,0.015332,0.014565,0.015485,0.017149,0.017149,0.01887,0.022421,0,-0.26899,0,0.15377,0.19024,0.23378,0,0,0.26711,0.21922,0.19991,0.12841,0.12378,0.18648,0.18761,0.19546,0.21468,0.25532,0.18586,0.13862,0.13178,0.060502,0
-0.057455,0,0,0,0.020044,0.020825,0.17332,0.062006,0.067091,0.20034,0,-0.45871,0,0.096124,0.067348,0,0,0.17079,0.19828,0.19247,0,0,0.01879,0.017486,0.11491,0.12823,0.15587,0.27027,0.29577,0,-0.039006,0,0.10648,0.095607,0.10068,0,-0.16876,-0.17929,0,0,-0.15755,-0.050266,-0.051817,-0.1414,0,0.067833,0,0,0.089374,0.050023,0.04251,0.063535,0.14462,0.19623,0.17313,0.01672,0.015986,0.036764,0.012728,0.016156,0.060471,0.046743,0.055061
0.063007,0.064634,0.064634,0,0,0,0,0.1511,0,0,0.12081,0,0,0.17553,0.27049,0.19305,0.17217,0,0,0.079864,0,-0.061055,0,0,-0.36705,-0.52536,-0.06058,0,0,0,0,-0.12306,-0.14992,-0.070984,-0.035079,-0.04946,0,0.20132,0.0032514,0.0031367,0,-0.05204,-0.1484,-0.030334,0,0.12399,0.11456,0.09257,0.041276,0.025717,0.025717,0.048539,0.018866,0.018632,0.25549,0.46399,0.56965,0.52697,0,0,0.024848,0.068634,0.33713
0.14946,0,0,0.073228,0.087113,0.048216,0.04508,0.1183,0,0,0.18078,0,-0.11653,0,0.26697,0,0,0.062449,0.15154,0.19718,0.11378,0.027147,0.027018,0.11336,0,-0.083425,0,0,0,0.0018213,0,-0.24204,0,0.045656,0,0,0.084288,0,-0.19219,-0.17626,0,0.33389,0.24907,0.20521,0,0,0.24886,0.19646,0,-0.13074,-0.13583,-0.35613,0,0.32699,0.36062,0.37332,0.38424,0.35958,0,0,0.49666,0.098234,0
-0.060654,0,0.043045,0.036966,0.057904,0.106,0.0020047,0.0019998,0,0,0.092636,0.031646,0,0,0.1299,0.086515,0.078264,0.090819,0.020251,0.020842,0.070141,0,0,0.054117,0,0,0.028409,0.019763,0,-0.052717,-0.028741,0,0.028077,0,-0.018663,0,0,0,0.0061844,0,-0.17523,-0.54729,-0.12691,0,0.1292,0.11541,0.075023,0.083379,0.08913,0.085492,0.15628,0.27248,0.37924,0.36304,0.40195,0.50472,0.55694,0.43438,0,0,0.082621,0.21561,0.35786
0.032029,0,0,0.022658,0.04394,0.020401,0,0,0.043796,0.036688,0,0,0.063307,0.069165,0.061394,0.023424,0.025667,0.07644,0.070263,0.073968,0.057304,0.027288,0.031457,0.029648,0.023009,0.042487,0,0,0.053771,0.026842,0.022842,0,-0.03824,0,0.11054,0.027569,0.027429,0.083451,0.078034,0.0043868,0,0,0.072137,0.084478,0.091882,0.085411,0.090744,0.12323,0.12039,0.049262,0.04907,0.08958,0.096154,0.078164,0.070011,0.064392,0.072251,0.049592,0,0,0.053049,0.063585,0.12937
0.060087,0.0024042,0.0023697,0.038593,0.072578,0.064927,0.052898,0.038086,0.026251,0.035312,0.059342,0.028056,0.025825,0.04661,0.037046,0.036969,0.039663,0.037594,0.063272,0.089169,0.083368,0.080624,0.081704,0.070679,0,0,0.089451,0,0,0.069374,0,0,0.04973,0.013087,0.012628,0.051178,0.043434,0.048588,0.08157,0.090705,0.072419,0.041315,0,0,0.052753,0.056461,0.059191,0.068544,0.10018,0.098094,0.032366,0.020958,0.027167,0.045941,0.070416,0.083624,0.11482,0.057197,0,0,0.07267,0.017582,0
-0.045037,0,0.036777,0.031847,0.049147,0.088609,0.0041979,0.0041741,0,0,0.076544,0.025984,0,0,0.10655,0.070981,0.064552,0.075017,0.016607,0.017094,0.056941,0,0,0.055958,0,0,0.035392,0.025017,0,-0.035246,-0.015071,0,0.033459,0,-0.0063646,0,0,0,0.015364,0,-0.067515,-0.098088,-0.50115,-0.35008,-0.18808,0,0.013169,0.070126,0.090992,0.10172,0.13135,0.14019,0.16314,0.18721,0.28113,0.60193,0.79529,0.51219,0.36602,0.24034,0,0,0.087661
0.067163,0.068901,0.070174,0.071239,0.070639,0.06881,0.065921,0.059399,0.05164,0.043517,0.036051,0.036447,0.046313,0.059501,0.074665,0.088684,0.09653,0.1005,0.10295,0.11268,0.13911,0.17306,0.16479,0.15855,0,0,0.16599,0,-0.042891,0,0,0,0.095463,0.022617,0,-0.074393,-0.049658,0,0,-0.043476,0,0.08435,0.18551,0,0,0.057499,0.047537,0.054696,0.099405,0.11106,0.12702,0.13324,0.18764,0.21519,0.23404,0.27005,0.28462,0.28942,0,-0.14794,0,0.008844,0.1248
0,0.011226,0,0,0,0,0,-0.089185,0,0.07339,0.082182,0,0,0,0,0,-0.029667,0,0,0,0,-0.2414,-0.062423,0,0,0,0,0,0.053619,0,0,0,0,0.0623,0.032015,0.029936,0.054883,0.033407,0.017463,0.024697,0.057802,0.054179,0.090609,0.078298,0.083559,0.09405,0.10108,0.11309,0.10623,0.11761,0.12806,0.10234,0.10357,0.14237,0.16458,0.18833,0.22977,0.23325,0.23829,0.25806,0.28592,0.29496,0.28814
-0.035208,0,0.029317,0.025471,0.039261,0.070065,0.0044144,0.0043817,0,0,0.060434,0.020667,0,0,0.084341,0.056155,0.050863,0.05918,0.013115,0.01349,0.045464,0,0,0.079243,0.015113,0.015948,0.067326,0.054595,0,0,0.013013,0.035927,0.067176,0.04655,0.029044,0.04119,0.055767,0.046994,0.057555,0,-0.047495,-0.074463,-0.21447,-0.21179,-0.21841,0,0.073138,0.17577,0.099345,0.091699,0.11731,0.11515,0.14238,0.21999,0.29105,0.30457,0.3274,0.38213,0.026502,0.026232,0.3149,0.14914,0.0073824
0.075987,0,0,0.036635,0.036203,0.034933,0.027134,0,0,0.032027,0.050494,0.055048,0.052929,0.06171,0.05251,0.038083,0.043769,0.055639,0.076588,0.10459,0.0782,0.075012,0.10368,0.096842,0,0,0.021524,0.019955,0.058227,0.071244,0,0,0,0,0.036114,0.030457,0.046782,0.081371,0.10172,0.082548,0.056946,0.038544,0,0,0.073888,0.040432,0.045598,0.072633,0.07471,0.11492,0.031867,0.02648,0.037015,0.046943,0.074165,0.066417,0.081978,0.015184,0,0,0.019889,0,-0.068382
-0.12531,-0.13166,-0.19007,0,0,-0.13166,-0.13166,0,0.093069,0.067056,0.054433,0,0,0.17993,0.21123,0.11278,0,0,0.039313,0,-0.06059,0,0,-0.049573,0,0.089966,0.11849,0.034701,0.036415,0.38146,0.28955,0.31125,0,0,0.35297,0,-0.12816,-0.036691,-0.036856,0,0.063726,0.075631,0,-0.068351,0,0.077893,0.17787,0.1514,0.1282,0.16869,0.18743,0.19773,0.1261,0.031328,0.0096393,0.011567,0.08097,0.15423,0,-0.028561,0,0.077114,0.11246
0.30506,0.068336,0,-0.0035151,0,0,-0.26333,0,0,0,0,0,0.13461,0.11884,0.099559,0.13476,0.18024,0.20586,0.141,0.1101,0.086992,0.086992,0.1649,0.17442,0.17548,0.26061,0.15319,0.071247,0,-0.16349,-0.088551,-0.099969,-0.34539,-0.066725,-0.05697,-0.16458,0,0.047717,0.045901,0.051578,0.14345,0,0,0.10891,0.13223,0.12755,0.13905,0.17216,0,0,0,0,0.05053,0.090113,0.1466,0.16206,0.16299,0.19985,0.13883,0.11565,0.18254,0.23608,0.2504
0.040214,0,0,0.034276,0.025578,0,0,0.035221,0.034125,0.053912,0.033554,0.011791,0.01361,0.079186,0.028515,0.025022,0.014894,0.010879,0.024737,0.067875,0.071109,0.055025,0.034999,0.058581,0,0,0.051446,0.09074,0.092968,0.093294,0.03687,0.0036662,0.0029788,0.010378,0.010378,0.011043,0,-0.036852,-0.037403,-0.058293,-0.18784,-0.29687,-0.36246,0,0.075027,0.14677,0.63671,0.34909,0.18175,0.11386,0.082224,0.070908,0.049885,0.057647,0.10073,0.12609,0.20157,0.21024,0,0,0.041726,0,-0.058583
0.0043499,0.0028177,0.0027473,0.0033157,0.0032052,0.0029586,0.0027473,0.0026279,0.0029058,0.0025756,0.0027473,0.0034563,0.0032841,0.003977,0.0038381,0.005838,0.020643,0.022858,0.023924,0.024488,0.034141,0.073174,0.10045,0.092977,0,0,0,0,0.057444,0.054537,0.062701,0.041236,0.054064,0.09969,0.06059,0.050163,0.061559,0.10196,0.16115,0.072682,0.037724,0,-0.004504,0,0.013233,0.039664,0.068259,0.081089,0.087143,0.12067,0.1224,0.10249,0.096237,0.081823,0.076237,0.09291,0.10844,0.068801,0,0,0.13622,0.096,0.064447
0.0061893,0.022039,0.020872,0.02174,0.045895,0,0,0.055956,0.074806,0.072674,0.070197,0.056994,0,0,0,0,0.026369,0.030203,0.095624,0.1028,0.12613,0.15923,0.19644,0.16233,0.084032,0.094385,0.094831,0.064858,0.084521,0.14776,0,-0.065309,-0.061481,0,0.11239,0.15873,0.074573,0,0,0,-0.029319,-0.02465,0,0.10842,0.10046,0.05291,0.046796,0,-0.023407,0,0,0,0,0,0.077865,0.069612,0.12682,0.16696,0,0,0.11563,0.00079439,0
0.2924,0,0,0,0,0,0,0.10008,0.093369,0.10492,0.099491,0.098642,0.083905,0.085983,0.11268,0.11972,0.12057,0.040722,0.039998,0.10554,0.087123,0.084269,0.10018,0.078778,0.10486,0.11722,0,0,0.084316,0,0,0.084838,0,0,0,0,0.0032113,0,-0.035786,-0.10575,-0.25649,-0.18645,0,0.038891,0.08949,0,-0.15407,0,0.10235,0.11357,0.15759,0.16034,0.17186,0.20102,0.2555,0.26443,0.27823,0.2895,0,0,0.082546,0.11761,0.029485
0.072199,0.067128,0.067128,0.069709,0.072113,0.077098,0.077098,0.079357,0.082082,0.068287,0.07853,0.14268,0,0,0.071888,0,0,0.12441,0.043455,0,0,0.11198,0,-0.18141,-0.16663,-0.13215,0,0.22682,0,-0.038662,0,0,-0.027075,-0.056155,0,0.44748,0,0,0,-0.19368,0,0,-0.051215,-0.11499,0,0.085444,0.1179,0.11173,0.15918,0,0,0.062442,0.067171,0.11613,0.11613,0.19514,0.095114,0.092061,0,0,0.11231,0.11672,0.5029
0.19318,0.067532,0.058874,0.10934,0.079726,0.064394,0.082424,0.04817,0.055195,0,-0.021738,0,0.14101,0.11354,0.066234,0.056198,0.12176,0,-0.13777,0,0.47746,0,0,0,-0.085714,0,0.38708,0,-0.18506,0,0.25984,0,0,0,0,0.19977,0.11565,0.090909,0,0,0.10947,0,-0.18506,-0.2499,-0.45489,-0.62108,0,0,0,-0.15381,-0.052041,0,0,0,0,0,0.14266,0.12671,0.075893,0.060212,0.07948,0.086932,0.066234
0,0.011211,0,0,0,0,0.054451,0.028958,0.034774,0.046492,0,0,0.055095,0,0,0.021786,0.023653,0.025087,0,-0.024836,-0.076418,-0.058437,0,0,-0.16005,0,0.11656,0.13985,0.05652,0,-0.0041811,0,0.059701,0.061749,0.066688,0.049291,0,-0.03379,-0.019479,-0.027595,0,0.042454,0,0,0.016023,0.055754,0.015567,0,0,0.11252,0.081764,0.072419,0.070119,0.12786,0.48952,0.30196,0.29545,0.2439,0,0,0.22808,0.25168,0.24031
0.067019,0.069525,0.069525,0.069525,0.070812,0.070812,0.072055,0.073341,0.072055,0.0515,0,0,0.056408,0.066995,0.013604,0.014115,0.04669,0.051592,0.13697,0.056903,0.036627,0.050159,0,0,0.10054,0,0,0.10616,0.10735,0.16321,0.42165,0.39701,0.25744,0.25955,0.32025,0.30714,0,-0.51967,-0.5761,-0.35878,-0.2803,-0.30452,-0.27039,-0.2381,0,0.043148,0.10091,0.10622,0.096562,0.084552,0.10163,0.16054,0.11684,0.079483,0,0,0.004496,0.0047605,0,0,0.053378,0.092841,0.13151
0.037613,0.047291,0.035569,0,0,0.083924,0,-0.0099021,0,0.017487,0.013802,0.024104,0.061976,0.061358,0.079872,0.083624,0.036532,0.035132,0.073527,0.036943,0.038363,0.090319,0.10818,0.087663,0.030246,0.033125,0.073173,0.066578,0.083587,0.0019259,0.0019121,0,0,0.075426,0.13297,0.071889,0.062752,0.097929,0.03467,0,-0.060367,-0.031097,0,0.047765,0.071694,0.020507,0.022837,0.10724,0.12864,0.15896,0.027142,0.025583,0.053071,0.052103,0.087808,0.07766,0.053387,0,-0.0057464,0,0.071569,0.041375,0.014242
0.13424,0.12892,0.12635,0.12635,0.12892,0.12613,0.12366,0.12366,0.12108,0,0,0,-0.18695,-0.044153,-0.039483,-0.10643,0,0,0,0.1463,0,-0.28283,0,0,-0.073362,0,0.14342,0,-0.086057,-0.26449,-0.088122,-0.048765,-0.076743,0,0,-0.04068,-0.047044,-0.063173,0,0.034016,0,-0.21937,-0.16577,0,0.12547,0,0,0.089817,0.060426,0,-0.016846,-0.054933,-0.12904,-0.010374,0,0.034458,0.094759,0,0,0,0.023397,0.036193,0.073702
0.098417,0.10239,0.10026,0.10026,0.10641,0.10641,0.10444,0.10831,0.10611,0,-0.032136,0,0,-0.2051,-0.12874,-0.12198,-0.10576,-0.09149,0,0,-0.013773,-0.030988,-0.36386,0,0.54445,0,-0.28493,-0.20868,-0.23365,-0.33914,-0.06717,0,0.023316,0.065666,0.068986,0,-0.26052,0,0.20074,0,0,0,-0.055979,0,0,-0.0077471,0,0.065463,0,-0.055234,0,0.27882,0.37329,0.7837,0.53143,0,-0.15865,-0.082766,-0.090906,0,0,0,0.32739
0.0032902,0.026914,0.056424,0,0,0,0,0.054545,0,0,0.040866,0.029455,0.038147,0,-0.00058872,0,0.032248,0.02112,0.026199,0.0063659,0.0069531,0,-0.07166,-0.022738,-0.023753,0,0.036685,0.10007,0.097377,0.1014,0.087168,0,-0.10902,0,0.010891,0.010877,0.067168,0.083135,0.11377,0.058069,0.055156,0.15326,0.15498,0.13385,0.16076,0.1671,0.15471,0.082897,0,0,0.080978,0.045596,0.049597,0.11838,0.17607,0.17877,0.16687,0.10807,0,0,0.1991,0.2042,0.19592
0.016192,0.017497,0.0087571,0.0027138,0.0029036,0.010442,0.010442,0.011614,0,-0.002981,-0.015287,-0.0017382,0,0.017958,0.021728,0.019439,0,-0.013801,0,0.018895,0.010536,0.002218,0.0024515,0,0,0,0,0.021487,0.027698,0.01247,0.011773,0.023422,0.028597,0.03686,0.051074,0.037153,0.038963,0.043469,0.0033818,0.0031545,0.020626,0.047543,0.067285,0.07451,0.099964,0.02051,0.017979,0,0,0.079622,0.1146,0.1492,0.19862,0.17809,0.1504,0.19805,0.29329,0.28627,0.25718,0.29074,0.32134,0.30061,0.26993
-0.015684,0,0.028768,0.031718,0.01649,0.013167,0.0032027,0,0,0.016612,0.014335,0.026983,0.0022306,0.0022616,0.020984,0.020529,0.018575,0.019863,0.055934,0.062725,0.064977,0.076552,0.092323,0.084746,0.029562,0.028522,0.06614,0.091658,0.12182,0.080126,0.037148,0,0,0.0082757,0.037168,0.054599,0.10717,0.093849,0.067748,0.070099,0.02061,0.019986,0.088482,0.10974,0.1068,0.011034,0.010501,0,-0.072904,0,0,0,0.017482,0.090848,0.12128,0.15809,0.20781,0.132,0.031884,0.032885,0.15439,0.16393,0.073773
0.18341,0.064115,0.052402,0.09237,0.064115,0.051388,0.064582,0.035214,0.041922,0.18988,0,0,0.45502,0.44317,0,0,0.16635,0,-0.098639,0,0.45693,0,-0.86278,0,0,-1.0181,-0.5512,0,0,0,0.13266,0.09237,0.062106,0.037264,0.023955,0,0,0.071233,0,-0.079185,-0.10209,0,0,0,0,0,0,0,-0.053372,-0.06228,-0.047765,-0.026085,-0.020379,0,0,-0.043367,-0.041115,-0.046663,-0.016469,0,0,0.0052402,0.013974
0.30165,0.24726,0.15686,0.1287,0.091931,0.097782,0.068597,0,0,0,0,0,0.14342,0,-0.075128,0,0,0,0.066486,0,0,0,0,0.046268,0,-0.31672,-0.1303,-0.12799,-0.15289,-0.035663,-0.01616,-0.022753,-0.050562,0,0,0,0,-0.022162,-0.088648,-0.12271,-0.19915,-0.28185,-0.28383,-0.14867,-0.041013,-0.023505,-0.033725,-0.047734,-0.048519,-0.093041,-0.061561,0,0.030418,0.059099,0.066724,0.044966,0.039918,0.047402,0,0,0.06241,0.06241,0.066794
0.050521,0.050521,0.049226,0.047995,0.048618,0.047962,0.046732,0.046732,0.046732,0.040262,0.033363,0.03026,0.029668,0.030931,0.030931,0.04481,0.08834,0.090302,0.090921,0.092828,0.12626,0.20003,0.20959,0.21778,0.22663,0,-0.17848,-0.26811,0,0.53101,0.71293,0.43069,0.16918,0.15127,0,-0.52235,-0.20904,-0.13853,0,0,-0.041068,-0.030767,-0.047058,-0.2773,0,0.045503,0,0,0,0,0,0,0,0,0.062361,0.17336,0,0,0.14855,0.23559,0.048386,0.033841,0.056836
-0.020741,0,0.11083,0,0,0,0,0.078512,0,0,0.0078145,0.007428,0.048487,0.037559,0.039399,0.083986,0.061347,0.064177,0.077822,0.073478,0.076484,0.097666,0.1223,0.082228,0,0,0.088999,0.083841,0.054398,0,-0.046316,-0.17358,-0.0054717,0,0,0,0.053621,0.025655,0.02866,0.041445,0,0,0.11105,0.075744,0.00613,0,0,0.13891,0.21902,0.030268,0,0,0.070494,0.12152,0.11953,0.20318,0.25387,0.055578,0,0,0.18331,0.15939,0.20717
0.057167,0.054707,0.052273,0.053407,0.05595,0.054707,0.054707,0.054707,0.043393,0.062032,0.21495,0.059117,0.063799,0.55685,0,0,0,0,0,0,0,0,0.053905,0,-0.11677,0,0.075424,0.073921,0,0,0,-0.039924,-0.3043,-0.42646,0,0,-0.05264,-0.26513,-0.21703,-0.27252,-0.24797,-0.13097,-0.11413,-0.071519,0,0.17425,0.17267,0.14042,0,-0.043477,-0.1226,-0.11015,-0.1496,-0.034474,-0.012974,-0.017465,-0.063856,-0.032958,0,0,-0.036349,0,0.4768
0.072534,0,0,0.061092,0.045761,0,0,0.063191,0.061238,0.096534,0.059971,0.021111,0.024392,0.14229,0.050703,0.044575,0.026849,0.019431,0.043624,0.12129,0.12697,0.098956,0.062806,0.10486,0,0,0.092299,0.16269,0.16652,0.16762,0.065906,0.0057039,0.0047689,0.018859,0.018437,0.019586,0,-0.065964,-0.067214,-0.10432,-0.40996,-0.46143,-0.2566,0,0.12742,0.14965,0.16933,0.12963,0.0021981,0.0021984,0.11375,0.14454,0.13897,0.11962,0.14671,0.19387,0.19073,0.12051,0,-0.12279,0,0,-0.11853
0.32164,0.090507,0,0,0.093589,0.12889,0.32747,0,-0.13635,-0.051412,-0.0062815,-0.0045694,-0.010344,-0.032182,-0.038709,0,0.17125,0,-0.15751,-0.1356,0,0.14184,0.15204,0.18611,0.14322,0.086575,0.086955,0.17988,0.12026,0,0,0.12687,0.085853,0.11366,0.068236,0,-0.055434,0,0,-0.045313,-0.11069,-0.6649,-0.66344,0,0.064758,0.14604,0.15829,0.052022,0.059881,0.22452,0.14333,0.069083,0.069775,0.15911,0.31341,0.47088,0.50805,0.32406,0.14268,0.12221,0.17422,0.20189,0.23208
0,0.01505,0,0,0.065879,0.095243,0.085034,0.10433,0.091989,0.096115,0.090286,0.027423,0,0,0.07683,0.077696,0.092328,0.10279,0.074694,0.051972,0.060845,0.084002,0.081971,0.082278,0.07553,0.037972,0.04346,0.031949,0.010786,0.013872,0,0,0.049507,0.054947,0.031991,0.030488,0.018911,0.019525,0.037922,0,-0.17414,-0.034035,0,0.0017727,0.10422,0.16657,0,-0.019858,0,0.078738,0.11427,0.085473,0.099757,0.16186,0.22056,0.28852,0.28099,0.15553,0,0,0.093253,0,-0.15551
0,0.00066885,0.0082391,0.022371,0.0077069,0.0064758,0.015141,0.03528,0.035515,0.043987,0.043162,0.075776,0,0,0.08745,0.04565,0.040069,0.05471,0.083827,0.044255,0.033389,0.059695,0.081196,0,-0.022068,0,0.054347,0.032167,0.044753,0,-0.013463,0,0.073875,0.087478,0.11937,0.11091,0.016421,0.014363,0.015886,0.015747,0.035491,0.043024,0,0,0.11476,0.084095,0.089549,0.081525,0.076085,0.10154,0.033052,0.012258,0.0073169,0.011337,0.088386,0.11835,0.072335,0,-0.091174,0,0.032186,0,-0.06785
0.20691,0.046998,0.039146,0.091451,0.049912,0.040562,0.057245,0,0,0.16787,0.062439,0,0,0,-0.018302,0,0,-0.017207,-0.019331,0,0.3811,0.049931,0.044738,0,-0.081893,0,0,-0.37473,-0.15402,-0.097864,0,0.012527,0,0,0,-0.13605,-0.13136,-0.17108,-0.27673,-0.22177,-0.11846,-0.10086,-0.16191,-0.18102,-0.16178,-0.21493,-0.094985,-0.044445,0,0,0,0.011983,0.024402,0.028121,0.026913,0.049944,0.0757,0.095867,0.095867,0.041942,0.039146,0.072675,0.090408
0.081991,0.053199,0,0,0.02308,0.035365,0.037233,0.022151,0,0,0,0,0.052144,0.034464,0,0,0.0050298,0,0,0.081637,0.086984,0.10403,0.12513,0.069744,0.039875,0.045332,0.049645,0,0,0.042749,0.042179,0,0,0,-0.050769,0,0.024664,0,0,0,-0.036823,0,0.0097264,0.0093906,0.053515,0.074454,0.1261,0.13592,0.14124,0.17087,0.087519,0.066901,0.050674,0.058344,0.17032,0.24777,0.26205,0.16909,0.086506,0.10153,0.15314,0.10043,0.079086
-0.10322,0,0,0,0,0,0.03101,0.0052819,0.0053832,0.076835,0,0,0,0,0.14072,0,0,0.073091,0.078288,0.098367,0.10962,0.10182,0.16761,0.1708,0.10299,0.14087,0.19679,0.16683,0.14728,0.10071,0.073195,0,-0.12205,0,0.069871,0.024652,0,0,0,0,0.020804,0.066463,0.0040185,0.0041363,0.06656,0,0,0,-0.13206,-0.56373,0,0,0,0.14408,0.20049,0.14295,0.051899,0.056588,0,0,0.13622,0.23366,0.11375
-0.0057924,-0.0050882,-0.0053665,-0.0057724,-0.0054517,0,0.022142,0.022468,0.02317,0.023832,0.031041,0.044201,0.047983,0.049747,0.050085,0,-0.030262,-0.010754,0,0.058215,0.040338,0.0013339,0.0012827,0.014965,0.039354,0.14369,0.18475,0.11218,0.087344,0.11402,0.013037,0.013066,0.12713,0.086501,0.079432,0,0,0.0086951,0.026763,0,-0.010526,0,0,0,0.053535,0.068105,0.080401,0.093116,0.10509,0.10587,0.063861,0.042543,0.039513,0.051659,0.079305,0.1155,0.14979,0.1552,0.12296,0.10076,0,-0.015674,-0.015674
-0.062166,0,0.16262,0,0,0.11569,0.12243,0,0,0.045148,0.018433,0.023587,0.085975,0.083122,0.15017,0.12799,0.13081,0,-0.011092,-0.014411,0,0.1161,0.13391,0.14401,0.18902,0.096283,0.1008,0.21566,0,-0.36638,-0.48318,-0.30488,-0.034029,0,0.035181,0,0,0.0066683,0,0,0.060036,0.093519,0.26202,0.23876,0.24161,0,0,0.12707,0.10319,0.030606,0,0,0,0,0,0.10137,0.23091,0.088333,0,0,0.081933,0.093974,0.070089
0.0034491,0.0022041,0.001978,0.0026703,0.0019074,0.0017278,0.0020613,0.0017802,0.0024649,0.0054811,0.0086785,0.0099991,0.014045,0.018692,0.02047,0.0084902,0.0070706,0.006244,0,-0.0084325,-0.01105,-0.020453,0,0.0074768,0.013493,0.023569,0.0021222,0.0020862,0,-0.0062794,-0.0084502,-0.0028822,-0.0020613,0,0,0,0.0044989,0.0080169,0.0049493,0.0011126,0.001161,0.0071893,0.012262,0.0074046,0.010347,0.043713,0.11813,0.16155,0.16768,0.185,0.20865,0.18024,0.15993,0.36647,0.19005,0,0,0.35862,0,-0.18387,0,0,-0.05908
0.016254,0.022291,0.039773,0,0,0.045892,0,0,0.02438,0.03065,0.06811,0.05779,0.087379,0.12136,0.089162,0.069348,0.05779,0,0,0.063318,0.080017,0.07585,0.047905,0,-0.044697,0,0.0086686,0,0,0.13158,0,-0.026006,0,0,-0.18773,0,0.15391,0,-0.060224,-0.099327,0,0.34261,0.42352,0.63395,0.14338,0.12966,0.34016,0,-0.080246,-0.29292,0,0,-0.10871,-0.1868,-0.080707,-0.09002,-0.11145,-0.1359,0,0,0,0.16928,0.12678
-0.034894,0,0.03188,0.027905,0.042943,0.07564,0.0060734,0.0060169,0,0,0.065286,0.022003,0,0,0.090535,0.060437,0.054695,0.063468,0.01413,0.014539,0.048368,0,0,0.073628,0,0,0.057819,0.045184,0,-0.0053252,0,0.02179,0.055856,0.031386,0.016003,0.022837,0.038152,0.031866,0.042582,0,-0.10231,-0.25789,-0.17252,0,0.0004836,0.11458,0.15791,0.18127,0.031121,0.032277,0.20476,0.21244,0.20552,0.22845,0.34283,0.40686,0.37551,0,-0.29819,0,0.19046,0.20242,0.047494
0.031574,0.031574,0.049853,0,0,0.064809,0,0,0.0296,0.037888,0.094721,0.075777,0.10792,0.16076,0.11916,0.087434,0.073118,0,0,0.087434,0.10779,0.10019,0.067658,0,-0.064809,0,0.01184,0,0,0.17606,0,-0.033152,0,0,-0.2557,0,0.2026,0,-0.082693,-0.12468,-0.24557,-0.36659,0,0,0,0.13761,0.044203,0,0,0.12222,0.148,0,-0.090673,0,0.36191,0.36494,0.44427,0.48137,0.47726,0.41299,0.36292,0.34295,0.31968
0.0704,0.025817,0,0,0.041459,0.021733,0.021705,0,0,0.058315,0.074639,0.038694,0.027716,0.037104,0.055638,0.03596,0.022625,0.022044,0.04081,0.12239,0.048996,0.048754,0.10917,0.063844,0.020549,0,-0.0013731,0,0.053527,0.11366,0.047096,0.04007,0.051782,0.051051,0.061884,0.057406,0.064433,0.10363,0.12819,0,-0.024581,-0.14213,-0.061602,0,0.081402,0.083568,0.11547,0.15666,0.12821,0.12724,0.10363,0.057801,0.049305,0.074207,0.10844,0.11776,0.1637,0,-0.015092,0,0.09386,0,-0.075881
0.057759,0.022399,0.01661,0.025836,0.046147,0.050283,0.054821,0.035562,0.024771,0.037421,0.067941,0.061829,0.057491,0.062546,0.068596,0.064383,0.067628,0.062789,0.078655,0.10117,0.08342,0.074507,0.084017,0.069381,0,0,0.073582,0.066375,0.07229,0.043415,0.024368,0.030147,0.049777,0.035034,0.03442,0.047032,0.052602,0.07171,0.10073,0.073929,0.03326,0.028317,0,0,0.053939,0.030751,0.031025,0.075503,0.099386,0.10819,0.066737,0.013229,0.0014282,0.0015531,0.027796,0.028553,0.066117,0,-0.043145,0,0.045499,0,-0.050941
0.027162,0.027598,0.028036,0.028794,0.02989,0.030447,0.030772,0.031536,0.03209,0.03463,0.061285,0.11937,0.084852,0.067,0.078603,0.083215,0.060761,0.037812,0.045836,0.13166,0.15347,0.18606,0.19384,0.31173,0.72957,0.82031,0,-0.99469,-0.14557,-0.01395,0,0,0,0.11005,0,-0.15075,-0.21211,0,0.18562,0.087439,0.073843,0,0,0.029467,0.039615,0.044869,0.050185,0.055005,0,-0.17041,0,0,0,0,0,0,0,0,-0.022924,0,0.14377,0.14304,0.1277
0.21056,0.047283,0.039304,0.089327,0.04679,0.035093,0.051044,0,0,0.15086,0.28136,0,-0.17803,0,0.25915,0.54613,0.036552,0,0,0,0,0.3429,0.13791,0.17298,0,0,0.21559,0,0,0,-0.46942,0,0,-0.58838,-0.50864,0,0.093581,0.14973,0.24955,0.034029,0,0,0.045621,0,0,0,0.097649,0,0,0.15313,0.14914,0,0,0.23245,0.18048,0,0,0.086382,0.21504,0.25726,0,0,0.25267
-0.0431,0,0.032233,0.028053,0.043901,0.078493,0.0023621,0.0023535,0,0,0.068314,0.023367,0,0,0.095431,0.08189,0.094983,0.073126,0.066703,0.10775,0.05802,0.037482,0.063449,0.15023,0.17721,0.1561,0.16061,0.19117,0.21117,0.16475,0.14586,0.071003,0.067627,0.15131,0.17063,0,0,0.017106,0,-0.39723,-0.60011,-0.83021,-0.59049,-0.14505,0,0.063827,0.13103,0.076867,0.05327,0.045924,0.054924,0.091025,0.13075,0.15059,0.15324,0.17556,0.20007,0.10755,0,0,0.14406,0.1658,0.16222
0.06097,0.065107,0.067829,0.067322,0.081818,0.087238,0.066884,0.053487,0.06102,0.093141,0.065372,0.050055,0.039542,0.046224,0.077025,0.050315,0.003542,0.0036358,0.10015,0.091443,0.057812,0.058085,0.085596,0.031344,0,0,0.093935,0.07488,0.08691,0.038194,0.010537,0,0,0.068515,0.077579,0.06649,0.052834,0.0598,0.082754,0,0,0.070075,0,0,0.061619,0.032476,0.033108,0.058953,0.065039,0.083955,0.059958,0,-0.0047522,0,0.03297,0.048763,0.14445,0.061524,0,0,0.14135,0.047308,0
0.16094,0,0,0.5284,0,0,0.045982,0,0,0.36146,0.073572,0.063683,0.063683,0,-0.064375,-0.1236,-0.099186,-0.080988,0,0.060036,0.35877,0,-0.03095,0,0,-0.46739,0,0.030788,0,-0.23055,-0.10767,-0.12079,-0.46865,0,0.099387,0.057223,0.057223,0.10124,0.11164,0.04247,0.04333,0.072682,0.067554,0.034742,0.033882,0.099039,0.11705,0.11921,0.12555,0.099387,0.095371,0.11705,0.14714,0.18638,0.21644,0.23068,0.24335,0.31403,0.16941,0.16941,0.55936,0.53828,0.11266
0.050391,0,0,0.019275,0.01744,0.039146,0.038889,0.028649,0.020835,0.020988,0.034364,0.034767,0.037992,0.073391,0.07604,0.067276,0.051213,0.05747,0.089716,0.109,0.099619,0.12538,0.090966,0,0,0.08919,0.052903,0.054987,0.068608,0.027216,0,-0.0018273,0,0,0.054749,0.042163,0,0,0.088431,0,0,0.0055149,0,0,0.043165,0.051213,0.068605,0.087233,0.088557,0.10446,0.12421,0.12108,0.1327,0.15119,0.13803,0.15381,0.14923,0,-0.090976,-0.15516,-0.21895,-0.21223,-0.14413
-0.046484,-0.027676,0,0,-0.015969,0,0.093293,0.05379,0.047761,0,0,0.023856,0.032059,0.081898,0.063052,0.094207,0.092703,0.11479,0.14263,0.11831,0.13685,0.16353,0.2002,0.18944,0,0,0.25109,0.18687,0.13933,0.10726,0,-0.14453,-0.28038,-0.14437,-0.12429,-0.13553,0,0.031473,0.040796,0.0075125,0.0072915,0.045075,0.058646,0.047894,0.065545,0.009786,0.0094966,0.076579,0.070189,0.04893,0,-0.013926,-0.015861,0,0.024459,0.062718,0.16336,0.069472,0,0,0.034624,0.040902,0
0.20109,0.084723,0.067736,0.10883,0.094604,0.075213,0.083934,0.067736,0.086805,0.12728,0.1396,0.23625,0,0,0.22249,0.027529,0.0234,0.054599,0.051187,0.062562,0.062562,0.012797,0.013812,0.17035,0.16336,0.18537,0.028321,0.0195,0,0,0,-0.036132,-0.031909,-0.077999,-0.14268,-0.079979,0,0.06133,0.12008,0,-0.11513,-0.040584,0,0.055714,0.048749,0.082662,0.13395,0.21516,0.12984,0,0,0.1155,0,0,0.032906,0.040499,0,0,0,-0.071296,0,0.098582,0.10603
-0.031705,0,0,0,0,0,0,0,0,0,0,0,0,-0.34168,-0.096637,-0.085264,-0.17641,0,0.069785,0.078698,0.17963,0.19258,0.17043,0.25219,0,0,0,0,0.32652,0.46485,0,-0.35409,-0.1336,-0.095493,-0.12131,-0.13806,-0.16726,-0.11639,-0.074716,-0.088447,-0.10998,-0.17233,-0.33411,-0.28772,0,0.11845,0.063243,0.025442,0.024219,0,-0.073065,-0.12949,-0.088722,-0.1096,-0.032879,0,0.036533,0,0,0,0,0,-0.14796
0.14253,0.059919,0.070019,0,-0.049211,0,0.097615,0,-0.0077878,0,0,0,0.0083559,0.0082205,0.11327,0.15411,0.10863,0.1134,0,-0.020347,0,0.0039894,0.004207,0.1138,0,0,0.43451,0.44486,0.14215,0,-0.14584,-0.16465,-0.3089,0,0.032827,0,0,0.12693,0.062172,0,-0.024445,0,0.21568,0,0,0.046759,0.069076,0.031001,0,0,0,0,0.02176,0.094627,0.1441,0.17737,0.3045,0.21093,0,0,0.12186,0.10445,0.076161
0.0075243,0.0079877,0.0082687,0.0084995,0.008854,0.0092426,0.0095228,0.0097916,0.010187,0.010538,0.010892,0.01743,0.042259,0.031395,0.033004,0.0074037,0,0,0.010072,0.040222,0.030911,0.03569,0.056525,0,-0.002596,0,0.086028,0.067102,0.0547,0.060254,0.070852,0.022189,0.020544,0.064769,0,0,0.13922,0.13385,0.051049,0.039783,0.061257,0.0863,0.090793,0.073865,0.037137,0.029448,0.046151,0,0,0.084428,0,0,0.036925,0.090118,0.18471,0.17301,0.1719,0.083856,0,0,0.15268,0.034535,0
0.15242,0.053966,0.018115,0.017967,0.052936,0,0,0.11912,0.077519,0.072139,0.087544,0.082023,0.08989,0.11219,0.020661,0.020793,0.12773,0.036225,0.03206,0,0,0.070296,0.074797,0.086619,0.053796,0,0,0.097107,0,0,0.025926,0.039065,0,0,0,0,0.067119,0.079175,0,-0.10477,-0.29611,-0.14366,-0.020078,0,0.063928,0.048238,0.071626,0.15844,0.16027,0.17318,0.17984,0.17271,0.18257,0.19869,0.20822,0.19633,0.021915,0.018611,0,0,0.076215,0,-0.14758
-0.034424,-0.025133,0,0.077841,0.066719,0.0061539,0,0,0,0,0,0,0.078157,0.09561,0.082197,0.081969,0,-0.057007,0,0.037423,0.12113,0.10111,0.081195,0.083676,0,0,0.11841,0.12747,0.095375,0.094771,0.086586,0.026255,0,0,0.070395,0.088345,0.16144,0,-0.020381,0,0,-0.0083,-0.022133,0,0,0,0.11853,0.11894,0.10173,0.096372,0.092991,0,0,0.12477,0.18376,0.10201,0.10512,0.016854,0,-0.23389,0,0.055083,0.038231
0.0029196,0.0054742,0.012165,0.02497,0.0071165,0.0077077,0,0,0.0028311,0.0028311,0.010381,0,0,0.035661,0,-0.022127,0,0,0,0.035933,0,-0.022295,0,0,0,0,0,0.045342,0,0,0.051565,0.014822,0.015641,0.031933,0.021799,0.025359,0.027736,0.044826,0.08527,0.0561,0,0,0.055965,0.072512,0.092691,0.10323,0.080059,0.075803,0.096257,0.072962,0.073835,0.072714,0.087218,0.16543,0.18167,0.22659,0.26264,0.21463,0.15275,0.20177,0.31708,0.16615,0.043794
0.053949,0.0098763,0.0088338,0.025359,0.021144,0,0,0,0,0.01981,0.01981,0,-0.017128,0,0,-0.0074535,-0.013297,0,0.069366,0.075529,0.046242,0.048362,0.10055,0.028557,0,0,0.071883,0.04374,0.034488,0.051066,0.068333,0,0,0.02502,0.01819,0.017995,0.060042,0.061549,0.090243,0.1305,0.096086,0.10809,0.15507,0.13712,0.15684,0.16704,0.11414,0,-0.05166,0,0.07553,0.074742,0.091364,0.10505,0.11703,0.12671,0.1369,0.15284,0.12729,0.13353,0.17891,0.18787,0.18693
-0.024413,-0.02373,-0.022516,-0.021869,-0.022039,0,0.069359,0.094206,0.073417,0.069798,0.073612,0,0,0.076948,0.083986,0.1222,0.12479,0.17253,0.21437,0.18991,0.19992,0.28158,0.23568,0.18406,0.10109,0.12008,0,-0.25337,-0.44985,-0.4312,-0.24658,0,0.23396,0,-0.040422,-0.058611,-0.15255,-0.12647,0,0.038517,0.13675,0.1144,0.05853,0.047802,0.055086,0.075261,0.10677,0.0319,0.021742,0.041691,0.093868,0.094858,0.14411,0.18871,0.15832,0.14756,0.17946,0,0,0.1261,0.1105,0,-0.24243
0.043293,0.059789,0.11627,0.25748,0,0,0,0,0.044161,0.044933,0.1438,0.068671,0,0,0.13817,0.070842,0,0,0.02542,0,0,0,0,0.1018,0.10415,0.40307,0,0,0.59567,0,-0.37118,-0.21986,-0.18785,-0.12728,-0.095689,-0.11672,0,0,-0.33791,-0.1089,-0.13364,0,0,-0.031579,-0.073667,0,0,0,0.062944,0.058395,0.06661,0.052383,0,-0.032768,-0.019552,0,0,0,0.027214,0.030098,0.041693,0.04744,0.048393
0.011192,0.011975,0.012813,0.008195,0.0086526,0,0,0,0,0.025257,0.029689,0.020693,0.019154,0.022039,0.011881,0.0050515,0.0065631,0.041676,0.045803,0.020775,0.016302,0.02607,0.031114,0.023884,0.027076,0,0,0.059842,0.02351,0.017687,0.022118,0.016614,0,0,0.035369,0,0,0.060667,0.074123,0.096767,0.032922,0.025597,0.035438,0.046902,0.10747,0.14462,0.16685,0.16953,0.16933,0.20794,0.16195,0.14297,0.12023,0.098515,0.12049,0.12082,0.081544,0,-0.18391,-0.066072,0,0.025831,0.018093
0.11104,0,-0.023906,0,0.073762,0.041206,0.027677,0.0238,0.0347,0.044037,0.041868,0.057456,0.056877,0.062434,0.065136,0,0,0.011796,0.14337,0.093903,0.089811,0.13073,0.052682,0.044589,0.035755,0,-0.021488,0,0.060222,0.081902,0.079995,0.011537,0.010752,0,0,0.048807,0.092039,0.017276,0,0,0.012355,0.012505,0.03303,0.037624,0.13614,0.089555,0.047768,0.033159,0.031073,0.054707,0,-0.0662,0,0.043214,0.12484,0.12335,0.12187,0.088641,0,0,0.094038,0.049245,0.0066997
0.035462,0.029141,0.030654,0.030905,0.031216,0.032048,0.031721,0.035032,0.038947,0.049643,0.058132,0.057764,0.051115,0.031525,0.023491,0.034352,0.063239,0.07331,0.07802,0.068295,0.02925,0.025963,0.059865,0.077469,0,0,0.046112,0.041682,0.087196,0.078913,0.030371,0.020958,0.022173,0.036942,0.082081,0.057949,0.064699,0.10927,0.12126,0.068132,0.032606,0.027798,0,0,0.10541,0.046288,0.042665,0.094661,0.091089,0.10616,0.097032,0.036154,0,0,0,0,0.044983,0,-0.10592,0,0,-0.0062862,-0.13201
0.11992,0.13039,0.18195,0.25965,0.24206,0.2439,0.31047,0,0,0.14068,0.099446,0.041974,0.037657,0.082756,0.22908,0.12912,0.079471,0.098858,0.20194,0.37747,0,0,0.13371,0,-0.14595,-0.15309,-0.23737,-0.030526,-0.030277,-0.20584,0,0,0,0,-0.086536,0,0.10906,0.19041,0.18769,0.29243,0,0,0.047525,0.035184,0.026306,0,-0.15334,-0.10723,-0.072264,0,0.0069907,0.0094661,0.0099734,0.001512,0.0014894,0.048131,0.07419,0,-0.10224,-0.13051,0,0,-0.050411
0.028285,0.029093,0.023359,0.016929,0.019192,0.025614,0.025566,0.023599,0.027126,0.046064,0.061094,0.054653,0.049194,0.059639,0.049898,0.050836,0.085036,0.10193,0.12042,0.12113,0.065823,0.062148,0.097622,0,0,0.034597,0.049951,0.062915,0.076816,0.050828,0.040948,0.045581,0.037567,0.042979,0.071139,0.060061,0.060622,0.099397,0.11721,0.11204,0.094997,0.029214,0,0,0.030515,0.06233,0.058874,0,-0.017508,0,0.0018097,0.0014651,0.0068034,0.05607,0.061258,0.052867,0.056849,0,-0.058728,0,0,0,0.111
0.027567,0.025697,0.024811,0.025262,0,0,0,0,0.069927,0.042757,0.062404,0,0,0.045486,0.20669,0,-0.047518,-0.107,0,0,-0.045951,-0.012405,0,0.042882,0.076523,0.11027,0.12122,0.12198,0.24072,0.2435,0.035348,0.031721,0,0,0,0,0,-0.053085,-0.2651,-0.34537,-0.25407,0,0.13019,0.082178,0.093013,0,-0.03194,-0.020049,0,0.0017919,0.047783,0.081232,0.060831,0.073771,0.18156,0.18849,0.23288,0.22931,0.17559,0.0071731,0.0058036,0.017482,0.028946
-0.061756,0,0.056338,0.049215,0.075536,0.13339,0.010405,0.010312,0,0,0.11499,0.03905,0,0,0.15973,0.10634,0.096465,0.1121,0.024992,0.025724,0.085976,0,0,0.063154,0,0,0.032729,0.022345,0,-0.066601,-0.037903,0,0.033219,0,-0.024645,0,0,0,0.0055636,0,-0.21,-0.23804,-0.20252,-0.27228,-0.20027,0,0.047991,0,0,0.1284,0.28723,0.31559,0.29178,0.30901,0.3473,0.39331,0.38237,0.15981,0,0,0.28738,0.21498,0.10905
1.4875,0,-0.33454,0,0.2492,0.14395,0.026405,0,-0.044124,0,0,0,0.086419,0.1243,0,0,0.15547,0.12816,0.17056,0.17582,0.18577,0.11997,0.094521,0.080199,0,0,0.019267,0.30346,0,0,0,0,0,-0.15978,0,0.060088,0.18095,0.16134,0.1171,0.081405,0,-0.18138,-0.22525,0,0.034492,0.12681,0,-0.0082913,-0.030614,-0.062386,-0.093942,-0.07429,0,0.026761,0.15978,0.2138,0.24123,0,-0.033431,0,0.13581,0.11558,0.14178
-0.25649,0,0.087762,0.094827,0.056096,0,0,0.047634,0.023519,0,0,0.0091344,0.010072,0.086693,0.071621,0.086527,0.11646,0.12608,0.22521,0.19798,0.25862,0.12522,0.11481,0.078112,0,0,0,0,0,0,0,0,0,0,0,0,0,0,0,0,0,0,-0.080944,-0.086896,-0.4532,-0.24996,-0.15622,0,0.0037126,0,-0.02021,-0.022913,-0.020869,-0.018604,-0.016582,-0.020374,-0.02837,0,0,-0.018325,-0.011734,0,0
-0.012821,0,0.009464,0.010275,0.0060577,0,0,0.0051611,0.0025305,0,0,0.0011962,0.0013619,0.0093758,0.0077834,0.0093774,0.012587,0.013676,0.024532,0.021334,0.019074,0.019152,0.025077,0.033578,0.023075,0.027781,0.041333,0.040239,0.036041,0,0,0.031754,0.046581,0.057524,0.047987,0.057751,0.088706,0.097493,0.077196,0.076732,0.10263,0.079827,0.066137,0.084523,0.12027,0.11969,0.090765,0,0,0.16175,0.12053,0.1121,0.096279,0.091816,0.1138,0.116,0.12437,0.06628,0,0,0.11602,0.063066,0.029507
0.022065,0.019908,0.018912,0.018912,0.0178,0.016811,0.016811,0.016811,0.01569,0.01569,0.016811,0.016811,0.016811,0.0178,0.0178,0.0178,0.018912,0.018912,0.018912,0.018912,0.019908,0.019908,0.019908,0.019908,0.0178,0.025711,0.048824,0.040735,0.044702,0.053565,0.046697,0.026086,0.016548,0.01569,0.018679,0.0096987,0.0050433,0.0050433,0.0063042,0.0050433,0.0050433,0.011388,0.088258,0.11768,0.077667,0,0,0.021614,0.023252,0.11732,0.097703,0.1028,0.10821,0.12058,0.1486,0.20469,0.25931,0.25931,0.26896,0.29415,0.3297,0.35623,0.39506
-0.025466,0,0.022176,0.019294,0.029687,0.052898,0.0036002,0.0035717,0,0,0.045756,0.015382,0,0,0.063764,0.014314,0.015489,0.055617,0.021464,0.027343,0.13647,0.079388,0.072187,0.073282,0.082734,0.091023,0.050199,0.037763,0.055597,0.08355,0.076408,0.053053,0.057837,0.11449,0,0,0.063117,0.0657,0.12907,0,-0.26453,-0.46092,-0.10044,0,0.010615,0.010864,0.10816,0.14373,0.1173,0.13359,0.17974,0.19143,0.19614,0.2343,0.30421,0.38727,0.42205,0,-0.19004,0,0.064723,0.27959,0.28065
-0.47613,0,0.12038,0.27741,0.19626,0,-0.030507,-0.033188,0,0.010209,0.010066,0.050938,0,0,0.11612,0.13732,0,0,0,0,0.10786,0.12993,0,0,0,0,0.090602,0.112,0,0,0,-0.1906,-0.046228,0,0.089361,0,-0.25308,-0.35095,0,0,0,0.20334,0.14508,0.209,0.20767,0.1353,0.10679,0.087534,0,0,0.041115,0.10741,0.10502,0.17133,0.0043869,0.0042579,0.099348,0.37017,0.37918,0.35829,0.02303,0.011942,0.011942
0.035768,0.013413,0.011381,0.019767,0.01578,0.012194,0.014445,0.015649,0.0093892,0.011584,0,0,0.088985,0.065874,0,0,0,0,-0.013676,-0.0035768,-0.0043912,0,0.19627,0.082568,0,0,0.19467,0.21344,0,0,0,0,0,0,0.026733,0,0,0.06831,0.16618,0.061325,0.036852,0.040602,0.039122,0,0,0.20098,0.11356,0,0,0.048645,0.076008,0.093282,0.096575,0.099963,0.11414,0.12036,0.15089,0.15946,0.16654,0.19175,0.22462,0.18334,0.12407
0.25005,0.062358,0.050324,0.10452,0.073844,0.055041,0.06605,0.029355,0.034148,0.048894,0,-0.03088,-0.03088,0,0,0,0,0,0.16326,0.26685,0.17173,0.07926,0,0,0,0,0,0,0.087404,0,-0.069788,-0.06754,-0.23764,-0.19332,-0.20276,-0.018051,-0.012581,-0.033302,-0.10615,0,0.81563,0,-0.13839,0,0.16932,0,-0.069788,-0.50124,-0.29095,-0.13623,-0.044482,0,0,0,0.077706,0.095112,0.2174,0.081606,0.041936,0.050324,0.11201,0.23438,0.27363
0.032571,0.021378,0,-0.0031731,0,0.079348,0.016471,0.014801,0.032981,0.048533,0.074321,0.08127,0.26125,0.3805,0.46254,0.37581,0.25711,0.336,0.45557,0.11401,0,-0.41633,-0.18393,-0.18525,0,0.14742,0.30452,0.08592,0.090999,0,-0.18637,-0.28669,-0.13315,-0.15167,-0.2287,-0.18395,-0.11575,-0.036236,-0.021714,-0.030844,-0.081211,-0.10257,-0.08683,-0.051252,-0.016492,0,0.052887,0,-0.00861,0,0.035759,0,0,0.056555,0.061014,0.070873,0.068029,0.016631,0,0,0,0,1.5582
-0.063372,0,0.056685,0.049457,0.076116,0.1345,0.010781,0.010681,0,0,0.11606,0.039338,0,0,0.1609,0.10732,0.097279,0.1129,0.024922,0.025643,0.086102,0,0,0.10846,0,0,0.077902,0.058164,0,-0.034098,0,0.0070315,0.073323,0.023266,0.0011874,0.0012366,0.031569,0.027065,0.04715,0,-0.16732,-0.37154,-0.6069,-0.32376,0,0.12061,0.14261,0.1905,0,0,0.14616,0.21282,0.27528,0.31434,0.30431,0.3441,0.42275,0.26433,0,0,0.24219,0.36025,0.0071449
0.072874,0,0,0.06154,0.046022,0,0,0.063597,0.061625,0.097314,0.060378,0.021077,0.024329,0.14346,0.051208,0.045032,0.026786,0.019323,0.043402,0.12242,0.12811,0.099435,0.063246,0.10587,0,0,0.093039,0.16399,0.16774,0.16894,0.066145,0.0059674,0.0049677,0.019115,0.019115,0.02035,0,-0.066602,-0.067634,-0.10478,-0.025401,-0.025214,-0.24925,-0.10419,-0.053943,0,0.022018,0.040264,0.096399,0.12091,0,0,0.029142,0.095609,0.1248,0.14367,0.18343,0.19448,0,0,0.10472,0,-0.060499
0.10654,0.10301,0.1013,0.1013,0.10301,0.10301,0.1013,0.10301,0.10118,0,0,0.0055887,0,0,0,-0.0068196,0,0.21335,0.13441,0.1195,0.12822,0,-0.25506,-0.039152,-0.031856,-0.11001,-0.020296,-0.020191,0,0,-0.1783,-0.31787,-0.12797,-0.1375,-0.045011,-0.038528,-0.042737,-0.036448,0,0.039486,0,-0.10719,-0.041915,-0.048364,-0.063361,-0.037152,0,0.023952,0.037258,0.057581,0.074871,0,0,0.10771,0.058682,0.059768,0.093312,0.1353,0,-0.11772,-0.037098,-0.024451,-0.024451
0.070098,0.062502,0.05903,0.062502,0,0,0.079976,0.047678,0.040247,0.021082,0.024974,0,-0.10854,-0.1402,0,0.26321,0.23589,0,0,0,0,0.34434,0.25773,0.19485,0.060611,0.040247,0.060583,0.14566,0.13699,0,-0.18215,-0.15462,0,0.058107,0.10217,0,-0.15856,-0.16843,-0.061489,-0.02767,0,0,0,0,0,0.35599,0.08476,0.037564,0.042164,0.065588,0,-0.041562,0,0.092917,0,-0.012298,0,0.3051,0.31147,0.26248,0.12526,0,-0.13282
-0.061857,0,0,0,0,0,0,-0.014593,0,0.01861,0.01985,0.016608,0.011953,0.013237,0.021146,0.017428,0,0,0.025804,0.021663,0.027068,0.033505,0.049637,0.055341,0,0,0.064665,0.057004,0.060543,0.061504,0.058009,0.046554,0.04333,0.054197,0,-0.024709,0,0.050765,0.090511,0.1032,0.11221,0.11422,0.12389,0.13638,0.14597,0.16634,0.14581,0,0,0.11616,0,0,0.07042,0.11452,0.10659,0.103,0.13527,0.12833,0,0,0.14404,0.13009,0.13921
0.034957,0.034957,0.037287,0.037287,0.037287,0.037287,0.037287,0.039951,0.042301,0.027658,0,-0.037287,0,0.082953,0,0,0.038776,0.034243,0,0,0.052435,0.047668,0,-0.13229,0,0.3093,0.22177,0,0,0,-0.25652,-0.20048,0,0.082323,0.031961,0.035108,0,0,0,0,-0.061992,0,0,0,0.027466,0.103,0.102,0.12293,0.12577,0.083009,0.096584,0.13317,0.11719,0,0,0.12966,0.076269,0.071911,0.081717,0.098742,0,-0.045042,-0.33209
0.063511,0.063511,0.063511,0.063511,0.06506,0.066687,0.066687,0.06506,0.066535,0.1013,0.26465,0,-0.16228,0,0.62697,0,0,0.13586,0,0,0,-0.024657,-0.036348,0,0,0,0,-0.12967,0,0.09698,0.077509,0,0,0,0,0.017724,0.033136,0.026073,0.042811,0,-0.018085,-0.017267,0,0.056984,0.064267,0.10514,0.061221,0.038107,0.04355,0.066272,0.078455,0.059667,0.075768,0.12034,0.11432,0.18291,0,0,0,0,0.10466,0.12041,0.29215
0.018883,0,0,0.00058614,0,0,0.0025691,0,0,0.019317,0.036432,0,0,0,0,0,0,0,0,0,0,0.0344,0.071481,0.08287,0,0,0.073783,0.030851,0.020223,0,0,0.043307,0,0,0.050664,0.083229,0.11331,0.098117,0.063698,0.066617,0.09102,0.074644,0.079181,0.07985,0.056798,0.063123,0.095004,0.11006,0.10829,0.060052,0.066245,0.092191,0.093856,0.13128,0.083154,0.084079,0.13036,0.16209,0.1089,0.098777,0.12719,0.11395,0.095015
0.079013,0.019035,0,0,0.078762,0.061053,0.058555,0.044788,0,0,0.042554,0.027407,0.039299,0.10635,0.089109,0.068072,0.067857,0.07832,0.082493,0.075565,0.022972,0.023911,0.1187,0.088716,0.071801,0.052728,0.023327,0.029773,0.19408,0.21469,0.21319,0,-0.13652,0,0.0055201,0,-0.017532,-0.013031,0,0.083725,0.090417,0.066496,0.0069396,0.0071026,0,0,0.14318,0.14898,0.10665,0.12589,0,-0.013379,0,0.024045,0.092501,0.099593,0.094686,0,-0.03694,0,0.12756,0.11743,0.13384
-0.074037,0,0.059747,0.051886,0.080998,0.14515,0.0071507,0.0071092,0,0,0.12561,0.042833,0,0,0.1761,0.11681,0.10547,0.12314,0.02672,0.02747,0.09292,0,0,0.11943,0,0,0.087716,0.065608,0,-0.035544,0,0.011704,0.081522,0.029618,0.0033079,0.0036096,0.036613,0.031419,0.053867,0,-0.23718,-0.92441,-0.07243,-0.071567,-0.044421,-0.037175,0,0,-0.069868,0,0.047755,0.10815,0.1172,0.12095,0.14104,0.12535,0.088402,0.10628,0,0,0.17409,0,-0.065811
0.0243,0.029194,0.029933,0.030482,0.031923,0.031923,0.034484,0.034484,0.035067,0.03709,0.03709,0.037718,0.040196,0.042205,0.042205,0.042835,0.045322,0.047321,0.047321,0.049165,0.05179,0.052437,0.053069,0.054965,0.056906,0.057553,0.060582,0.063302,0.063922,0.06586,0.086591,0.12838,0.095243,0.077245,0.078609,0.10743,0.036729,0.031436,0,-0.0050319,-0.20925,-0.30832,-0.14991,0,0.038369,0.053126,0.047874,0.074682,0.068275,0.019568,0.019112,0.072287,0.12533,0.20695,0.23215,0.22016,0.27632,0.2962,0,0,0.29725,0.59908,0.44635
0.079295,0,0,0.066432,0.049793,0,0,0.069079,0.066919,0.10557,0.065429,0.023131,0.026761,0.1552,0.055219,0.048586,0.02919,0.021059,0.047202,0.13208,0.13825,0.10755,0.068397,0.11455,0,0,0.10086,0.17743,0.18156,0.18273,0.071945,0.0066335,0.0054824,0.020524,0.01998,0.021209,0,-0.071959,-0.073371,-0.11368,-0.36034,-0.56149,-0.86176,0,0.0035396,0.27231,0.15952,0.075004,0,0,0.05208,0.059441,0.10109,0.14131,0.16794,0.19315,0.24385,0.23393,0,0,0.10405,0,-0.033218
0.0041846,0.0028694,0.0039853,0.011327,0.010127,0,-0.043631,-0.043041,-0.042435,-0.041239,0,0.017316,0.017934,0.018512,0.018512,0.027461,0.059176,0.060952,0.062171,0.063344,0.065736,0.010976,0.010198,0.048176,0.091894,0.14745,0.11795,0.039602,0.038662,0.108,0,0,0,0,0.064707,0.13486,0,0,0,0,0.076733,0,-0.14713,0,0,0,0,0,0,-0.040992,0,0.083834,0.084438,0.15481,0.0542,0.059771,0.1156,0.10734,0.18781,0.14685,0.15469,0.13546,0.054997
0.056778,0.056778,0.053438,0.027529,0.03312,0,0,0.02187,0.092948,0.022578,0.016823,0.043508,0,0,0,0,0.052572,0.20887,0.33245,0.1868,0.14935,0.034303,0.032915,0,-0.56677,-0.39203,-0.12595,-0.075178,-0.058438,0,0,-0.012069,-0.17747,-0.14315,-0.14521,0,0.03312,0.1638,0.15379,0,0,0,0,0,-0.011356,0,0.13976,0.25721,0.21637,0,0,0.26538,0.22285,0.23973,0.22285,0.24881,0.28165,0.25219,0.23956,0.25619,0.29883,0.32756,0.35328
0.29385,0.01994,0.013993,0,0,0.12204,0.085386,0,0,0.061734,0.023322,0.031413,0.042253,0,0,0,0,0.034982,0.073007,0.057668,0.044052,0,-0.0403,0,0.068391,0.077675,0.11194,0.12575,0.10866,0.12093,0.15069,0.12066,0.095987,0.091086,0.052474,0,-0.13834,-0.27648,0,0.054004,0,0,0.054326,0.047976,0.05224,0.047161,0.043658,0.043658,0.061394,0.10664,0.11502,0.11183,0.12651,0.13448,0,0,0.44428,0.1312,0.10262,0.1622,0.17651,0.20484,0.26062
0.022623,0.023974,0.032273,0.064675,0.045245,0.034329,0.044465,0.015918,0.017702,0.15631,0,0,0.36743,0.41799,0.3165,0.1005,0,-0.14653,0,0,-0.019987,0,0.036562,0.02716,0,0,0.11202,0.20023,0.10595,0.080451,0.092298,0,-0.093673,-0.26722,-0.16493,0,0,-0.012797,0,0,0,0.18851,0,0,0.10728,0.030486,0.03141,0.066053,0.060601,0.054941,0,0,0.089576,0.18844,0.24592,0.24838,0.26911,0.14218,0,0,0.32404,0.25565,0.21114
0.034493,0.052411,0.086479,0.04838,0.026878,0.039421,0,0,0.071916,0.036957,0.029565,0.026878,0.024638,0.0219,0.0219,0.042958,0,-0.059131,0,0.038077,0,0,0,0,0,0,0.030145,0.030145,0,-0.0095736,-0.11169,0,0,0,0.16497,0.080916,0.05656,0.085025,0,0,0.17021,0.095047,0.060708,0.088858,0.082126,0.071176,0.097613,0,0,0.072731,0.17073,0,0,0.050172,0.017247,0,0,0.11148,0.17895,0.1592,0.14372,0.14372,0.1971
0.011004,0.008024,0.012369,0.056518,0.054263,0.042613,0.025844,0,0,0.050454,0.033978,0.026877,0.030959,0.041573,0.06887,0.03397,0.035172,0.07214,0.088703,0.083753,0.067575,0.044396,0.048701,0.073097,0,0,0.056873,0.044969,0.036094,0.027896,0,-0.023433,0,0.04689,0.060274,0.060365,0.046071,0.047869,0.084442,0.098853,0.066818,0.041493,0.029794,0.038247,0.077233,0.089125,0.1081,0.11738,0.1257,0.12768,0.071124,0,0,0.0095287,0.06571,0.077317,0.12846,0.079338,0,0,0.027282,0,-0.082903
-0.3969,0,0.02605,0.034497,0,0,0.023762,0.020998,0.066685,0,0,0,0,0.10408,0.10996,0.14685,0,-0.070852,0,0,0,0.099898,0.11549,0.15802,0,0,0,0,0.023766,0.031237,0.035,0.068407,0.052145,0.093569,0.015323,0.014562,0.011484,0,0,0,-0.051826,-0.007962,0,0.19906,0.14748,0.10655,0,-0.0059593,0,0.075589,0.068296,0.14416,0.14511,0.13158,0.073143,0.066621,0.11802,0,-0.12463,0,0.03318,0.052215,0.14384
0,0.16154,0,0,0.15082,0,0,0,-0.074438,-0.060829,0,0.18759,0.27697,0.31168,0.30458,0.0063369,0.0062936,0,0,0,0,0.020391,0.021112,0.17438,0,0,0.14857,0,-0.8325,0,0.0099324,0,0,0,-0.1899,-0.17625,-0.11916,-0.16373,-0.17467,-0.10952,-0.11827,-0.089452,-0.072406,0,0.028048,0.041233,0.051978,0.049128,0.075712,0,0,0,0,0.018856,0.064872,0.072893,0.11611,0.097007,0,0,0.091602,0.1204,0.10792
0.09254,0.09254,0.089349,0.089349,0.09254,0.09254,0.09254,0.089349,0.089349,0.1327,0.15071,0.18001,0.47193,0,0,0,-0.14941,-0.097167,-0.13665,0,0.087252,0,-0.65322,0,0,-0.12179,0,0.3381,0.3381,0.16991,0,-0.11026,-0.23032,-0.39724,-0.071434,0,0,0,0,-0.13224,-0.023085,-0.023855,-0.086745,0,0,0,0,0,0,-0.14082,0,0,0,0,0,0.10553,0,0,0,0,0,0,0.49972
0.14179,0.13908,0.015305,0.015321,0.015321,0,0,0,0,0.056589,0.037137,0.042274,0.13305,0.092693,0.083978,0,-0.29472,-0.16668,0,0.73582,0.52656,0.086011,0.082143,0.32185,0,0,0.050391,0,0,0,-0.12865,-0.26253,-0.23107,-0.28448,0,0,-0.028874,0,0.18668,0.11668,0.11306,0,-0.0048015,-0.037354,0,0,0.029372,0,-0.040744,0,0.043078,0,0,0.22482,0.19183,0.19722,0.19206,0.19206,0.19821,0.26175,0.28859,0.24992,0.20121
0.034722,0.022151,0.019399,0.024586,0.015202,0.015707,0.022909,0,0,0.032771,0.043677,0.027839,0.023629,0.034552,0.043747,0.038152,0.041863,0.026919,0.024955,0.025181,0.026822,0.05618,0.053677,0.051123,0.0587,0.075148,0.071668,0.058054,0.061856,0.078352,0.02548,0.0011372,0.0011712,0.081257,0.10748,0.086064,0.051192,0,0,0.023733,0.055038,0.072681,0.062167,0.077182,0.11301,0.11823,0.13606,0.075113,0.049764,0.061664,0.06543,0.045477,0.030737,0.04132,0.10008,0.062889,0.052557,0,-0.062822,-0.053743,0,0.001746,0.085549
0.008744,0.0092439,0.0097512,0.010011,0.010198,0.010758,0.011088,0.01151,0.011846,0.011722,0,0,0.011567,0,-0.0083467,0,0.017315,0.30571,0.31153,0.010894,0,0,0,0,0.13192,0.1552,0,-0.084288,-0.025175,0,0.017906,0.11745,0.12576,0.20004,0.20446,0,0,0,0,0,0,0.060469,0.067829,0.013437,0.012358,0,0,0,-0.032358,0,0.061523,0,-0.0267,0,0.052357,0.07083,0.10266,0.1721,0,0,0,0,0.1764
-0.085607,-0.030726,0,0,-0.0020753,0,0.009522,0,-0.014418,0,0.03037,0.044848,0.047799,0.051272,0.03396,0.035397,0.023514,0.022871,0.058983,0.076045,0,-0.03396,0,0.025571,0.020012,0.035861,0.038313,0.04761,0.024609,0.025305,0.10232,0.084821,0.084821,0.048661,0.055033,0.1026,0.074192,0.076703,0.064638,0.050574,0.060261,0.10134,0,0,0.049457,0.069903,0,0,0.0029833,0.025855,0,0,0.053365,0.12346,0.18885,0.16657,0.16486,0.10908,0,0,0.037356,0.047543,0.079381
-0.062992,0,0.029824,0.017941,0.017514,0.029877,0.04146,0,0,0.038872,0.05249,0.081461,0.079175,0.032566,0.032374,0.077086,0.077718,0.080599,0.08043,0.070703,0.075313,0.068927,0.060467,0,-0.012383,-0.016923,-0.022054,0,0.075422,0.083637,0.091187,0.068048,0,-0.047933,0,0.044808,0.017997,0,-0.097509,0,0.086255,0.15639,0.11174,0.047689,0,0,0.021307,0.060338,0.046512,0.026839,0,0,0.025914,0.10736,0.16893,0.18968,0.27649,0.34046,0.13583,0.12692,0.30291,0.42055,0.44892
0,-0.026573,0,0,0,0.035034,0.036274,0.050177,0,-0.043685,0,0.060217,0.0060278,0.0057517,0.048638,0,0,0.033148,0.023863,0.042059,0.053723,0.047684,0.080991,0.13272,0.11902,0.11329,0.17054,0.27165,0.3016,0.37784,0.33631,0,-0.26899,0,0.015328,0,0,0.081681,0.13151,0.013718,0,-0.025052,0,0.011051,0.011465,0,-0.014744,-0.015653,-0.10899,-0.10618,-0.038713,-0.037521,0,0.051966,0.023424,0.025714,0.12398,0.15907,0,0,0.17486,0,-0.27987
0.18118,0.10132,0.091824,0.010969,0.0111,0.085681,0.06572,0,-0.078923,0,0.26886,0.19149,0.09615,0.094681,0.16182,0.19284,0.086516,0,-0.021674,0,0.11383,0.028217,0.030105,0.11774,0.16322,0,-0.092958,-0.13784,0,0.12583,0.10045,0,-0.18393,0,0,0,0.3272,0,-0.58998,-0.39923,0,0,0,0.19862,0.33313,0.031065,0.031226,0,-0.046069,0,0,0,0.13721,0.10115,0.12956,0.28316,0.34885,0.42626,0,0,0.40874,0.35281,0.32695
0.18866,0.090402,0.085724,0.11087,0.094995,0.093402,0.073881,0.017569,0.018621,0,0,0.054144,0.064518,0.018765,0.017569,0.046338,0.048248,0.062307,0.054669,0.035793,0.04072,0.081386,0.11906,0.048378,0.043175,0.13818,0.14445,0.10073,0.10291,0.10392,0.057627,0.045045,0,-0.032957,-0.3995,0,0.049523,0.099901,0.15577,0.043886,0,-0.087247,0,0,0.089838,0.11236,0.13075,0,0,0.084239,0,0,0.11501,0.15961,0.17067,0.15233,0.19002,0.15279,0.050605,0.059191,0.18037,0.17487,0.37218
0.039788,0.0080972,0.0085197,0.043125,0.038788,0.032996,0.036376,0.042833,0.024737,0.026328,0.067684,0,0,0.061074,0.06167,0.081286,0.064139,0.065212,0,0,0.099498,0.12932,0.1404,0.12955,0.10269,0.05475,0.029646,0.035893,0,-0.081839,-0.11444,-0.067711,0,0.078462,0.0083558,0.0082949,0,0,0,-0.078946,-0.20139,0,0.057337,0.090038,0.13224,0.15352,0.16178,0.16569,0.14541,0.13419,0.061727,0.044241,0.071298,0.15419,0.14538,0.15829,0.25494,0.24548,0.10744,0.10074,0.16577,0.079923,0.00083472
0.028939,0,0,0.026143,0.020375,0.019734,0.021398,0.0054463,0.0055948,0.032178,0.037767,0.042779,0.044197,0.044526,0.055902,0.048907,0.051637,0.081425,0.040824,0.042685,0.10158,0.10144,0.13355,0,-0.0069896,0,0.074694,0.054135,0.056142,0.080647,0.026448,0.022777,0,-0.010208,0,0.061147,0.096282,0.1405,0.13464,0.11096,0.10808,0.042329,0,0,0.017064,0.094234,0.093949,0.10891,0.10666,0.10122,0.066349,0.017636,0,0,0.01611,0.016075,0.046105,0,-0.011705,0,0,-0.047228,-0.12728
0.070206,0.073887,0.076004,0.079387,0.081363,0.057023,0.045723,0.049011,0.054239,0.058602,0.075682,0.072214,0.07672,0.12249,0.1219,0.16687,0.14107,0,0,0.042497,0.05295,0.23182,0.1078,0.10474,0.13699,0.13506,0.073444,0.064052,0.088493,0,-0.01971,-0.022228,-0.021847,0,0,0,0,-0.039451,-0.041666,-0.21139,-0.42851,-0.32622,0,0.063904,0.14634,0.16111,0,-0.16077,-0.049758,0,0.0933,0.16442,0.16128,0.21091,0.20535,0.2093,0.28965,0.2994,0,-0.076885,0,0.037706,0
-0.068334,0,0.061324,0.053472,0.082099,0.14522,0.011171,0.011071,0,0,0.1253,0.042409,0,0,0.1736,0.11593,0.1049,0.12171,0.027022,0.0278,0.093236,0,0,0.12664,0,0,0.09459,0.071891,0,-0.027818,0,0.022253,0.0897,0.039096,0.013488,0.017695,0.049532,0.041679,0.062304,0,-0.17125,-0.34541,-0.42603,-0.36807,-0.18987,-0.10884,0,0,0,0.22108,0.21881,0.17373,0.21203,0.28158,0.28424,0.31742,0.38916,0.32319,0,0,0.22603,0.21901,0.18367
0.13518,0.04318,0.035469,0.066209,0.04318,0.033953,0.041197,0.023173,0.028375,0.028375,0,0,0,-0.4,0,0.10752,0.10752,0.11304,0.15324,0.2316,0,-0.066209,0,0,0.10829,0,0,0.095706,0.2316,0.28558,0.19924,0.1664,0.14925,0,0,0.10186,0,-0.22172,-0.076888,-0.066878,-0.1863,0,0,-0.65911,0,0.38269,0,0,0.23023,0.16258,0.15604,0.21276,0,0,0.091674,0.2044,0.21946,0.25406,0.31993,0.25297,0.32095,0.35855,0.3476
-0.012593,-0.0047222,0,0,0,0,0,0,0,0,0.2499,0.21704,0.2061,0.19828,0.18698,0.20153,0.20153,0.17624,0.17471,0.17471,0.15772,0,-0.21472,0,0,0.23822,0.31044,0.25007,0.26432,0.56174,0,0,0,-0.58857,0,0,-0.085375,-0.049956,-0.028333,-0.010303,-0.011963,-0.10556,-0.079915,-0.033436,-0.031219,-0.055048,-0.06697,-0.051696,-0.025185,0,0,0.045451,0.088837,0.13048,0.094445,0.1314,0.042227,0.041645,0.18889,0.13737,0.16138,0.1415,0.092871
0.054046,0.037192,0.041554,0.070436,0.0061831,0.0060386,0.022243,0.018875,0.041276,0.083216,0.096417,0.11721,0.10206,0.090368,0.11527,0.1733,0.14869,0.12058,0.11341,0.12176,0.19155,0.30042,0.39748,0.45515,0,0,0.15466,0,-0.032382,0,0.085364,0,-0.27496,-0.30316,-0.2621,-0.34506,0,0,-0.011602,0,0.24387,0,-0.057847,-0.16949,-0.12131,-0.066194,-0.031063,-0.025507,-0.043527,0,0,-0.060929,0,0.084206,0.076884,0.068955,0.060769,0.089541,0,0,0.13079,0.14899,0.13066
0.2106,0.20226,0.19822,0.19822,0.19822,0.194,0.18996,0.18574,0.1817,0,0,0.16237,0.14132,0,0,0,-0.047399,0,0,0,0,0,0,0,0.2173,0.70546,0,-0.8254,0,0,-0.56871,0,0,-0.13769,0,0.10685,0.14375,0.15417,0,0,0,-0.12434,-0.13106,0,0.030971,0.24357,0.24357,0.28616,0.30701,0.31681,0.30041,0,0,0.45536,0.39488,0,0,0.18297,0,0,0,0,0.1817
0.080196,0,0,0.068127,0.051008,0,0,0.070533,0.068334,0.10782,0.066974,0.023514,0.027158,0.15877,0.05642,0.049608,0.030107,0.021666,0.048222,0.13527,0.14161,0.11029,0.069934,0.11675,0,0,0.10308,0.1814,0.18561,0.18703,0.073304,0.0065351,0.005447,0.021132,0.020722,0.022019,0,-0.073513,-0.075024,-0.11668,-0.31361,-0.47369,-0.86524,0,0.060468,0.09486,0.1133,0.085441,0,0,0.08597,0.084627,0.064456,0.082474,0.15674,0.1126,0.11218,0.12265,0,-0.050114,0,0,-0.076416
0.083143,0.027605,0.018829,0.028821,0,-0.007675,0,0.012057,0.012667,0.042233,0,0,0.080921,0.028957,0,0,0,0,0,0,0.098932,0.091204,0.079884,0,0,0.046264,0.12344,0.10905,0.16763,0,-0.14148,-0.10375,-0.062331,0,0.090023,0.046623,0.042128,0.091984,0.10271,0.14269,0.072572,0.073563,0.1705,0,-0.019215,0,0.33304,0.26294,0,-0.17167,-0.13575,0,0,-0.15212,0,0.19581,0.28744,0,-0.037456,0,0.12328,0.091126,0.023222
0.17126,0.077995,0.064454,0.10055,0.09411,0.076644,0.082829,0.065699,0.081917,0.097068,0.019085,0.020257,0.013891,0,0,0.21674,0,0,0.35722,0.15071,0,-0.13249,0,0.08882,0.079375,0,-0.040614,-0.034376,0,0.15529,0.16527,0,-0.033543,-0.066652,-0.069887,-0.2664,0,0.026518,0,0,0,-0.40563,0,0.045965,0,-0.61385,-0.67306,-0.112,-0.092474,0,0.052097,0.2979,0.1524,0.10045,0.12054,0.053037,0.054119,0.10455,0.034726,0.035053,0.094486,0.17977,0.79739
0,-0.022363,0,0.028157,0,0,0,0,0.00078305,0.018158,0.018217,0,0,0,0,0.023223,0.02596,0.033882,0.041609,0.047164,0.048691,0.052535,0.055782,0.035943,0.01549,0.016829,0.040998,0.048922,0.059055,0.068755,0.055601,0.032735,0.038041,0.071064,0,0,0.039932,0.10313,0.10305,0.085224,0.064635,0.053922,0.077487,0.1504,0.11924,0.085803,0.088071,0,0,0.15892,0,0,0.069916,0.097615,0.13895,0.11348,0.10518,0,-0.050059,0,0.13546,0,-0.040811
0,0.012215,0,0,0.054117,0.077844,0.069641,0.085617,0.075201,0.078569,0.073872,0.022505,0,0,0.062877,0.063547,0.075723,0.08425,0.061311,0.04255,0.049712,0.068831,0.067106,0.067333,0.061903,0.031092,0.035575,0.025978,0.0090347,0.01173,0,0,0.040453,0.044838,0.026158,0.024934,0.015527,0.016028,0.030942,0,-0.14896,-0.25532,0,0.055445,0.13983,0.15781,0.16951,0.12976,0.016993,0.013017,0.036406,0.11592,0.138,0.16297,0.207,0.2649,0.37452,0.33468,0,0,0.16755,0.11831,0.075955
0.055556,0,0,0.046954,0.035208,0,0,0.048727,0.047204,0.074378,0.046209,0.016077,0.018545,0.10953,0.039025,0.034318,0.020585,0.014865,0.033347,0.093281,0.097648,0.075971,0.048273,0.080764,0,0,0.071107,0.12513,0.12807,0.12901,0.050768,0.0044276,0.0036853,0.014353,0.014112,0.014978,0,-0.050728,-0.051792,-0.080522,-0.23048,-0.17825,0,0.073834,0.1014,0.087963,0.099932,0.10532,0.1132,0.12922,0.10144,0.098719,0.096376,0.10765,0.14252,0.16608,0.22466,0.17929,0,0,0.018409,0,-0.15978
0.35505,0.14141,0.11195,0.18188,0.14313,0.11195,0.13434,0.080605,0.096644,0,0,0.20668,0.17059,0,-0.84321,0,0.4142,0,-0.086279,0,0.036784,0.037132,0,-0.57468,0,0,0,0,-0.35595,-1.1128,0,0.3383,0,0,0,0,0,0,0,0,-0.07115,-0.55953,0,0.047979,0.063973,0.029526,0,-0.17178,-0.095139,-0.063973,-0.072317,0,0.086245,0.10076,0.11826,0.012155,0.010236,0.025589,0.025589,0.017059,0.012795,0.015353,0.02239
0.11787,0.04081,0.03973,0.10933,0.12976,0.11378,0.10565,0.029233,0.029393,0,0,0.045913,0.16954,0.23015,0.21522,0.14091,0.15756,0.1531,0.12238,0.15486,0.13705,0,0,0.17055,0,0,0,0,0.069261,0.14173,0.22128,0,-0.23371,0,0,-0.19275,-0.043345,0,0.014195,0,-0.1614,-0.20957,-0.082167,0,0.054488,0.070437,0.03259,0,-0.0087477,0,0.06539,0.075334,0.1289,0.15251,0.23248,0.26509,0.25686,0.19665,0,0,0.14806,0.11993,0.065778
0.084689,0.090247,0.090247,0.091551,0.095981,0.15241,0,0,0.11354,0,-0.075495,0,0,-0.23559,0,0,-0.23635,0,0.16221,0,0,0,-0.33203,0,0.33601,0.52646,0.68275,0,-0.44602,-0.23218,-0.08248,0,0,-0.30546,-0.44669,0,0,-0.0052696,0,0,0,0.11694,0.015565,0,0,0.024787,0.15279,0.18815,0.16777,0.26423,0.22144,0.16933,0.19952,0.17473,0.19829,0.39867,0.52099,0.074125,0.032935,0.04689,0.25146,0,-8.1641
0.039568,0.034631,0,0,0.020878,0.02202,0.019107,0.015455,0,0,0.0075941,0.068522,0.06731,0.06731,0.055455,0.050829,0.053745,0.049662,0.060751,0.065698,0.055186,0.069417,0.097578,0.098303,0.052803,0.041722,0.045771,0.039464,0.013628,0.01264,0,0,0.02558,0.023363,0.021718,0.036728,0.068005,0.098605,0.099916,0.094596,0.065061,0.024768,0,0,0.055878,0.058045,0.068949,0.10108,0.11549,0.12949,0.11844,0.087754,0.083657,0.095422,0.10662,0.09791,0.068303,0,-0.043147,-0.03761,0,0,-0.08102
0.038771,0.020678,0,-0.0016842,0,0,-0.013171,0,0,0,0,0,0,0,0.010947,0,0,0.05712,0.027865,0.023133,0,0,0.0034057,0.021894,0.011494,0.010509,0.023204,0.055157,0.055587,0.053051,0.055618,0.055032,0.051742,0.0561,0.051054,0.051784,0,0,0.020515,0.03392,0.073563,0.061546,0.077224,0.095459,0.087973,0.071589,0.079856,0.10327,0.086577,0.10242,0,0,0.10241,0.13443,0.14208,0.18155,0.20956,0.19297,0.13221,0.15043,0.29455,0.28071,0.22533
0.077886,0.088665,0.090211,0.088925,0.093164,0.15017,0,0,0.11591,0,-0.071274,0,0,-0.23003,0,0,-0.23289,0,0.15984,0,0,0,-0.32456,0,0.33018,0.51577,0.66997,0,-0.43906,-0.22457,-0.080749,0,0,-0.30027,-0.43864,0,0,-0.0051924,0,0,0,0.11395,0.015299,0,0,0.020028,0.15021,0.18752,0.16659,0.25747,0.21757,0.1655,0.19567,0.17066,0.19208,0.3618,0.38387,0.051874,0.048115,0,0,0,-1.6314
0.042153,0.011967,0.0097277,0.019416,0.012029,0.0095217,0.013625,0.0042153,0.0046132,0.05151,0.11695,0.15667,0.079666,0.076228,0.20322,0.056359,0.052084,0,0,0.057855,0,0,0.10921,0.10912,0.043498,0.016343,0.0029172,0,-0.022055,-0.038305,0,0.093837,0,-0.062445,0,0,0,0,0,0,-0.058265,-0.069633,0,0.012245,0.086963,0.056194,0.0432,0.040208,0.044033,0.035517,0.023375,0.032536,0.066113,0.065296,0.072306,0.070759,0.11069,0.13798,0.006353,0.0059826,0,-0.05774,-0.14919
-0.028854,0,0.01223,0.014568,0.041342,0.036384,0.039019,0.011006,0.01192,0.055713,0.0676,0.076601,0.064527,0.086306,0.094006,0.013066,0.012552,0.059682,0.076353,0.086377,0.036856,0.0046193,0.0050039,0.12956,0.054333,0.0033289,0,0,0.03691,0.031707,0,0,0.047074,0.058339,0.050344,0.048634,0.087505,0.076424,0.065683,0,-0.047053,-0.0032049,-0.0031739,0,0.12346,0.068644,0.058721,0.094316,0.11855,0.15353,0.060177,0.04835,0.071802,0.09746,0.13348,0.1356,0.13808,0,-0.11257,0,0.1717,0.045687,0
0.21274,0,0,0.063555,0.11207,0.128,0.080707,0,0,0.12886,0.13623,0.08107,0.066072,0.090985,0.084225,0.05795,0.055495,0.070698,0.104,0.16662,0.13706,0.095819,0.091238,0.062759,0,-0.022789,0,0.011258,0.011139,0.11255,0.063317,0,-0.00028995,0,0.11352,0.064985,0.0025389,0.0025802,0.12134,0.1365,0,-0.064926,-0.050202,0,0,0,0.015461,0.098791,0.067061,0.069312,0.044966,0,-0.019731,0,0.097042,0.11995,0.16484,0.084694,0,0,0.063397,0.028343,0.0076963
-0.33652,0,0.26452,0.22773,0,0,0.12009,0,0,0,0,0.15032,0,-0.052622,-0.052787,-0.14162,0,0,0,0,0,0.21384,0,0,0.49629,0.32686,0,0,0,0,0.25904,0,-0.097918,-0.16742,0,0,-0.11968,0,0,0,0.1164,0.1208,0.17617,0.21369,0.14373,0.13879,0,0,0,-0.058989,0,0.044952,0,-0.0083408,0,0.086494,0.12528,0.11189,0.11728,0.12246,0,-0.097863,-0.095676
0.0028086,0.0073334,0.0093878,0.0085154,0.0078213,0.0041136,0.0040036,0.0061039,0.0064839,0.0060922,0.0057555,0.0074686,0.010532,0.015658,0.020011,0.017606,0.018449,0.021162,0.020555,0.024846,0.034039,0.041523,0.046634,0,0,0.022067,0.051558,0.055235,0.052639,0.037897,0.0326,0.01582,0.017594,0.06105,0.044054,0.046919,0.10676,0.094039,0.08207,0.075639,0.075563,0.092064,0.093177,0.094916,0.097042,0.094651,0.10118,0.083074,0.080703,0.10182,0,0,0.063524,0.078174,0.09372,0.094094,0.14053,0.020939,0,0,0.17055,0.045582,0
-0.072051,0,0.059915,0.052038,0.080191,0.1434,0.0080726,0.008018,0,0,0.12377,0.042554,0,0,0.17281,0.11499,0.10424,0.12151,0.027158,0.027938,0.091932,0,0,0,-0.04591,0,0,-0.040656,-0.059007,-0.127,-0.097991,-0.048575,-0.017286,-0.020067,-0.078459,0,0,-0.050803,-0.044676,-0.076358,-0.21454,-0.45002,-0.42924,-0.29704,-0.19755,-0.1547,-0.0016481,0,0.016744,0.01974,0.055397,0.064587,0.069429,0.08049,0.062799,0.052796,0.061572,0.069919,0.036026,0.036229,0.072444,0.075868,0.08613
0.67521,0,-0.026201,0,0,-0.012464,-0.012464,-0.012731,0,0.075106,0,0,0.20201,0.13844,0.044869,0.051991,0.098847,0.075932,0,0,0.088686,0.094165,0,-0.012187,0,0.17799,0,-0.0091399,-0.012903,-0.12187,-0.17627,-0.14516,-0.13554,-0.048192,-0.047528,0,0.024194,0.077118,0.030847,0.028791,0,-0.062517,-0.12301,-0.11986,0,0.035765,0,0,0.058066,0.078342,0.16874,0.2464,0.24202,0.24452,0.30099,0.28936,0.28345,0.31473,0.27286,0.26803,0.29721,0.33392,0.47642
0.013579,0.0090171,0.011258,0,0,0,-0.0060627,0,0.0023646,0.029351,0.012476,0.010845,0.018848,0.017614,0.017921,0.026898,0.030923,0.026741,0.027159,0.023413,0.014429,0.0094556,0.013927,0.019903,0.014825,0.025757,0.051624,0.059152,0.037322,0.023519,0.026461,0.034075,0.034624,0.038798,0.035646,0.03656,0.058409,0.1105,0.14421,0.14608,0.13102,0.11872,0.12553,0.14317,0.16313,0.13378,0,-0.099738,0,0.080594,0.046927,0.049247,0.12341,0.14541,0.11931,0.11249,0.13112,0.082957,0,0,0,0,0.29566
0.051132,0.051132,0.049238,0.047479,0.049238,0.049238,0.047479,0.04558,0.04558,0.078048,0.18542,0.073302,0.061595,0.14745,0.47103,0.38188,0.20356,0.13577,0.19352,0,0,0.10547,0,0,0,-0.15868,0,0.2374,0.27996,0,-0.47005,-0.43487,-0.39805,-0.048245,0,0,-0.03561,0,0.0066405,0,-0.17988,-0.21334,-0.39277,0,0.074684,0.065369,0,-0.23354,0,0,-0.092684,0,0.061358,0,-0.023067,0,0,-0.0048697,0,0.048697,0.067426,0.091161,0.098611
0.055893,0.013734,0.0039644,0,0,0.094712,0.07494,0.0499,0.032366,0.038595,0.03526,0.02373,0.030557,0.021496,0.022231,0.039172,0.023112,0.026709,0.048595,0.048054,0.0092192,0.0092389,0.017605,0.017681,0.019784,0.021342,0.10112,0.11348,0.090871,0.08277,0.095879,0,-0.18015,0,0,-0.096683,-0.092996,-0.088198,-0.027017,0,0.040697,0,-0.0069685,0,0.086563,0.088071,0.085285,0.094509,0.13295,0.14349,0.12654,0.11329,0.16277,0.2801,0.2658,0.3842,0.25798,0.14815,0,-0.028575,-0.027431,-0.0018805,0
-0.015723,0,0.025054,0.0059105,0,0,0,0,0,0,0.067402,0,0,0.035298,0.027593,0.0010347,0,0,0.0264,0.022869,0.058729,0.12985,0,0,0.070502,0.070721,0.02468,0.024148,0.069163,0.076219,0.065519,0,0,0.026527,0.027395,0,0,0,0,0.050799,0.0605,0.061577,0.01479,0.01266,0.023449,0.032116,0.11102,0.093099,0.1052,0.1115,0.10327,0.032144,0.033114,0.14403,0.11941,0.12019,0.17012,0.15231,0.097265,0.07963,0,0,0.21409
0.095892,0.095391,0.094637,0,0,0,0,0.019665,0.012498,0,-0.010925,0,0.054884,0.032572,0,0,0.047425,0.04007,0.051676,0.040121,0.056015,0.083786,0.041118,0.045627,0.10987,0.12461,0.060404,0.012625,0,-0.073255,0,0.039659,0.030023,0.032945,0.063532,0.075087,0.12642,0.062492,0,0,0,0,0.13174,0,0,0.15144,0.16573,0.069483,0,0,0,0,0.16167,0.17906,0.23145,0.2168,0.17239,0,-0.045643,0,0.3062,0.10179,0
-0.092764,0,0.081438,0.071153,0.10989,0.19367,0.014574,0.014447,0,0,0.16724,0.055678,0,0,0.23197,0.15421,0.13978,0.16266,0.035761,0.036795,0.12323,0,0,0,-0.046289,0,0,-0.045864,-0.067597,-0.16242,-0.12367,-0.056598,-0.011539,-0.01265,-0.09876,0,0,-0.061203,-0.053162,-0.094788,-0.24425,-0.37708,-0.040819,-0.040712,-0.31533,0,0,0,0.15017,0.14762,0.069264,0,0,0.18075,0.25866,0.24585,0.30965,0.39233,0.27775,0.24512,0.43621,0.55707,0.44421
-0.53518,0,0.099183,0,0,0.13828,0.086812,0,0,0.094704,0,0,0.086987,0.2868,0,0,0.14054,0,0,0,0,0,-0.10315,-0.12972,-0.15757,-0.1398,-0.06524,-0.087422,-0.49273,-0.33125,0,0.08705,0.19496,0,-0.099084,-0.074706,0,0.10254,0.12202,0.032111,0,-0.021587,0,0.1423,0.1779,0.31482,0.15626,0.096332,0.12233,0.12844,0.094704,0.12909,0.09249,0.084099,0.15741,0.24859,0.34489,0.30739,0.27132,0.19644,0.19463,0,-0.16514
-0.073279,0,0.065953,0.057323,0.088156,0.15628,0.013253,0.013123,0,0,0.1347,0.045943,0,0,0.18677,0.12473,0.1129,0.13097,0.028588,0.029397,0.10011,0,0,0.14629,0,0,0.11275,0.087397,0,-0.01848,0,0.037128,0.10808,0.05663,0.026346,0.036992,0.069392,0.057896,0.079836,0,-0.21195,-0.4611,-0.52441,-0.68252,-0.45669,-0.26456,-0.079496,-0.030728,0,0.02733,0.18463,0.19065,0.20221,0.32471,0.17692,0.16379,0.29914,0.17237,0,0,0.18368,0.034515,0
0.056212,0,0,0.050938,0.050345,0.018787,0.013845,0,0,0.063185,0.053725,0.003167,0.0031985,0.065401,0.049256,0.029949,0.028483,0.043465,0.039256,0.033019,0.037246,0.045023,0.091883,0,-0.0041115,0,0.05182,0.064666,0.07436,0,-0.039945,0,0.054758,0.07169,0.071268,0.097011,0.11831,0.13183,0.082482,0.0059924,0,-0.0088063,0,0.08568,0.10061,0.083034,0.092382,0.099,0.095609,0.11997,0.071261,0.054919,0.081338,0.10991,0.085975,0.075227,0.10449,0,-0.1091,0,0.011671,0,-0.044956
0.1384,0.050322,0.039909,0,0,0,-0.0041952,-0.0073808,0,0.019021,0.0076426,0.011232,0.067889,0.068993,0.09988,0.11636,0.044063,0.041337,0.060953,0,0,0.064041,0.11438,0,-0.04888,0,0.10457,0.10944,0.075465,0,0,0,0,0.13267,0.13007,0.085923,0.076099,0.087997,0.09313,0.024292,0,0,0.04595,0.053681,0.053325,0.052113,0.10099,0.1156,0.11871,0.11042,0,0,0.012762,0.075353,0.092782,0.082156,0.057511,0,-0.093571,0,0.061324,0.059907,0.081239
0.26825,0.0020896,0.002082,0.12819,0,0,0,0,0,0,0.052588,0,-0.038103,0,0.0020105,0.0020705,0,0,0.028487,0.13066,0,-0.050521,0,0.029834,0.12051,0.13944,0.031654,0.032996,0.17802,0.20407,0.087221,0,-0.29652,-0.092014,0,0.051476,0.27102,0,0,0.010652,0.012653,0.12969,0.14809,0.13731,0,0,0.19307,0.19252,0,-0.11929,-0.12375,-0.27855,0,0.11665,0.34819,0.22322,0.23413,0.33984,0.18014,0.19255,0.40336,0.2736,0.17524
-0.11824,0,0.079729,0.068436,0.1085,0.19937,0,0,0,0,0.17363,0.06024,0,0,0.24484,0.16292,0.14765,0.17226,0.037386,0.038422,0.13268,0,0,0.0045201,0,0,0,-0.017053,-0.025239,-0.14642,-0.1053,-0.020154,0,0,-0.081287,0,0,-0.036922,-0.031049,-0.069577,-0.16814,-0.21441,-0.25466,-0.1986,-0.13124,0,0.0044601,0.10474,0.096621,0.090439,0.094145,0.10086,0.10086,0.14808,0.23157,0.24532,0.31593,0.37966,0.36766,0.3687,0.3831,0.41005,0.47863
0.08433,0.11208,0.047284,0.052459,0.23125,0.27234,0.50112,0,-0.045728,-0.043283,-0.25789,0,0,0,0.21763,0,0,0.22931,0,0,0.12019,0.063312,0.094628,0.33103,0.32284,0.41789,0.42456,0,-0.1024,-0.25383,-0.3627,-0.33997,-0.54946,-0.52707,-0.2352,0,0.15889,0.33985,0,0,0.26348,0.37297,0,-0.21835,0,0,0,0,-0.18175,0,0.12997,0,-0.64075,0,0.6934,0.57271,0.56911,0.38244,0,-0.30802,0,0.25076,0.37931
0.032995,0.032408,0.032119,0.03404,0.035912,0.036477,0.038779,0.04,0.040567,0.04232,0.044626,0.046424,0.047857,0.049344,0.050779,0.053669,0.05634,0.058092,0.055585,0.052558,0.05506,0.058958,0.05956,0.060406,0.062765,0.065634,0.06832,0.070339,0.072694,0.075012,0.078213,0.079712,0.082508,0.086135,0.087864,0.091625,0.094311,0.096605,0.10097,0.1048,0.10772,0.11177,0.1159,0.12051,0.12525,0.12986,0.13516,0.16715,0.21997,0,-0.28067,-0.88186,-0.54722,-0.12864,-0.073507,-0.096983,0,0.066089,0.089746,0.11491,0.15282,0.098256,0.027739
0.024206,0.022715,0.022715,0.024184,0.024184,0.020119,0.016004,0.013898,0.0094309,0.0085577,0.012551,0.027541,0,0,0,-0.023473,-0.041077,-0.063832,0,0,0,0.035507,0.050334,0,-0.078526,0,0.021496,0,-0.015369,-0.022517,0,0.02135,0.042039,0.04531,0.051483,0.012448,0.010086,0.023616,0.033008,0.030705,0.041735,0.063191,0.089465,0.096626,0.11585,0.13042,0.13042,0.1037,0.08002,0.091134,0.12522,0.13618,0.14994,0.17,0.19696,0.21418,0.2281,0.20772,0.16682,0.18022,0.20389,0.17716,0.15037
0.010961,0.0091979,0.0084314,0.0084314,0.0084314,0.0074946,0.0067451,0.0057815,0.0057815,0.0067451,0.0074946,0.0084314,0.0098366,0.0085847,0.0080941,0.012647,0.015975,0.014284,0.01562,0.034712,0.26639,0.15971,0.14769,0.11644,0.098191,0.17826,0.26322,0.19485,0.11429,0,0,0,0,0.045529,0,-0.049081,0,0.028567,0.0060706,0,-0.11198,0,0,-0.035182,0,0.12687,0.11291,0.082375,0.023849,0.026276,0.02371,0.014989,0.011242,0.011593,0.025763,0.0062455,0.0048179,0.012179,0.024844,0.049409,0,-0.16535,0
0.1804,0.1804,0.18648,0.19299,0,0,0.15911,0,0,0.46096,0,-0.17688,-0.038337,0,0.78143,0,0,0,-0.14244,0,0,0,0,0,0,0,0,-0.23656,-0.21711,0,0.0081911,0,-0.36264,-0.25818,-0.11987,-0.10679,-0.070228,0,0,0,0,-0.17819,0,0,-0.33322,0,0.068077,0,-0.0082044,0,0.05923,0.067127,0.073839,0.14447,0.14672,0.16093,0.1846,0.17581,0.18646,0.24025,0.26792,0.2735,0.31256
0.11747,0.025652,0.02756,0.078597,0.078597,0.21266,0.19729,0,0,0.064843,0.062415,0,-0.10268,0,0.16245,0,0,0,0,0.51385,0.44464,0.29932,0.067178,0,-0.026749,-0.14211,-0.28515,0,0,0,0.41009,0,-0.014316,-0.18587,0,0,-0.099216,0,0.22297,0,0,0,-0.085204,0,0,0,0.14228,0.093373,0,-0.15436,-0.25374,-0.25564,-0.44132,-0.29164,-0.22333,-0.1784,-0.1436,-0.24902,0,0.27095,0.31992,0.20382,0.041685
