0,0,0,0,0,0.09541,0,0,0,0,0,0,0,0,0,0,0,0,0,0,0,0,0,0,0,0,0,0,0,0,0,0,0,0.09541,0,0,0.09541,0.09541,0.09541,0.09541,0,0,0.09541,0.09541,0,0,0.09541,0,0,0,0,0,0,0,0,0,0,0,0,0,0,0,0.14312
0,0,0,0,0.15693,0.15693,0.15693,0.15693,0.15693,0.15693,0.15693,0.15693,0.15693,0,0,0,0,0,0,0,0,0,0,0,0,0,0,0,0,0,0,0,0,0,0,0,0,0,0,0,0,0,0,0,0,0,0,0,0,0,0,0,0,0,0,0,0,0,0,0,0,0,0
0,0,0,0,0,0,0,0,0,0,0,0,0,0,0,0,0,0,0,0,0,0,0,0,0,0.097684,0.097684,0.097684,0.097684,0.097684,0.13025,0.13025,0.097684,0.097684,0.097684,0.097684,0.097684,0,0,0,0,0,0,0,0,0,0,0,0,0,0,0,0,0,0,0,0,0,0,0,0,0,0
0,0,0,0,0,0,0,0,0,0,0,0,0,0,0,0,0,0,0,0,0,0,0,0,0,0,0,0,0,0,0,0,0,0,0,0,0,0,0,0,0,0,0,0,0,0,0,0,0,0,0.16521,0.16521,0,0,0.16521,0,0,0,0,0,0,0,0
0.35251,0,0,0,0,0,0,0,0,0,0,0,0,0,0,0,0,0,0,0,0,0,0,0,0,0,0,0,0,0,0,0,0,0,0,0,0,0,0,0,0,0,0,0,0,0,0,0,0,0,0,0,0,0,0,0,0,0,0,0,0,0,0
0,0,0,0,0,0,0,0,0,0,0,0,0,0,0,0,0,0,0,0,0,0,0,0,0,0,0,0,0,0,0,0,0,0,0,0,0,0,0,0,0,0,0,0,0,0,0,0,0,0,0,0,0,0,0,0,0,0,0,0,0,0,0
0,0,0,0,0,0,0,0,0,0,0,0,0,0,0,0,0,0,0,0,0,0,0,0,0,0,0,0,0,0,0,0,0,0,0,0,0,0,0,0,0.23113,0,0,0,0,0,0,0,0,0,0,0,0,0,0,0,0,0,0,0,0,0,0
0,0,0,0,0,0,0,0,0,0,0.21908,0,0,0,0,0,0,0,0,0,0,0,0,0,0,0,0,0,0,0,0,0,0,0,0,0,0,0,0,0,0,0,0,0,0,0,0,0,0,0,0,0,0,0,0,0,0,0,0,0,0,0,0
0,0,0,0,0,0,0,0,0,0,0,0,0,0,0,0,0,0,0,0,0,0,0,0,0,0,0,0,0,0,0,0,0,0,0,0,0,0,0,0,0,0,0,0,0,0,0,0,0,0,0,0,0,0,0,0,0,0,0,0,0,0,0
0.13922,0,0,0.092815,0.12375,0.12375,0.092815,0.092815,0.12375,0.12375,0.092815,0.12375,0.12375,0.092815,0.092815,0.12375,0.12375,0.092815,0.092815,0,0,0.092815,0.092815,0,0,0.092815,0,0,0,0,0,0,0,0,0,0,0,0,0,0,0,0,0,0,0,0,0,0,0,0,0,0,0,0,0,0,0,0,0,0,0,0,0
0,0,0,0,0,0,0,0,0,0,0.11526,0,0,0,0,0,0,0,-0.11526,0,0,0,0,0,0.11526,0.11526,0.15368,0.15368,0.11526,0.11526,0,0,0,0,0,0,0,0,0,0,0.11526,0,0,0,0,0,0,0,0,0,0,0,0,0,0,0,0,0,0,0,0,0,0
0,0,0,0,0,0,0,0,0,0.68383,0.68383,0,0,0.45589,0,0,0,0,0,0,0,0,0,0,0,0,0,0,0,0,0,0,0,0,0,0,0,0,0,0,0,0,-0.45589,0,0,0,0,0,0,0,0,0,0,0,0,0,0,0,0,0,0,0,0
0.258,0.258,0,0,0,0,0,0,0,0,0,0,0,0,0,0,0,0,0,0,0,0,0,0,0,0,0,0,0,0,0,0,0,0,0,0,0,0,0,0,0,0,0,0,0,0,0,0,0,0,0,0,0,0,0,0,0,0,0,0,0,0,0
0,0,0,0,0,0,0,0,0,0,0,0,0,0,0,0,0,0,0,0,0,0.11928,0,0,0,0,0,0,0,0,0,0,0,0,0,0.11928,0,0,0.11928,0.11928,0,0,0,0,0,0,0,0,0,0,0,0,0,0,0,0,0,0,0,0,0,0,0
0,0,0,0,0,0,0,0,0,0,0,0,0,0,0,0,0,0,0,0,0,0,0,0,0,0,0.10995,0,0,0.10995,0.10995,0.10995,0,0,0.10995,0,0,0.10995,0,0,0,0,0,0,0,0,0,0,0,0,0,0,0,0,0,0,0,0,0,0,0,0,0
0.14804,0.14804,0.14804,0.14804,0.14804,0.14804,0.14804,0.14804,0.14804,0,0,0.14804,0,0,0,0,0,0,0.14804,0,0,0,0,0,0,0,0,0,0,0,0,0,0,0,0,0,0,-0.14804,-0.14804,-0.19739,-0.19739,-0.14804,0,0,0,0.29609,0.29609,0.19739,0.14804,0.14804,0,0,0,0,0,0,0,0,0,0,0,0,0
0,0,0,0,0,0,0,0,0,0,0,0,0,0,0,0,0,0,0,0,0,0,0.16959,0,0,0.16959,0,0,0,0,0,0,0,0,0,0,0,0,0,0,0,0,0,-0.22612,-0.16959,-0.22612,-0.22612,-0.22612,-0.22612,-0.16959,-0.22612,0,0,-0.16959,0,0,0,0,0,0,0,0,0
0,0,0,0,0,0,0,0,0,0,0,0,0,0,0,0,0,0,0,0,0,0,0,0,0,0,0,0,0,0,0,0,0,0,0,0,0,0,0,0,0,0,0,0,0,0,0,0,0,0,0,0,0,0,0,0,0,0,0,0,0,0,0.21249
0,0,0,0,0,0,0,0.67913,0,0,0.45275,0,0,0,0,0,0,0,0,0,0,0,0,0,0,0,0,0,0,0,0,0,0,0,0,0,0,0,0,0,0,0,0,0,0,0,0,0,0.33956,0,0,0,0,0,0,0,0,0,0,0,0,0,0
0,0,0,0,0,0,0,0,0,0,0,0,0,0,0,0,0,0,0,0,0,0,0,0,0.1273,0,0,0.1273,0.1273,0.1273,0.1273,0.1273,0,0,0,0,0,0,0,0,0,0,0,0,0,0,0,0,0,0,0,0,0,0,0,0,0,0,0,0,0,0,0
0.37943,0,0,0,0,0,0,0,0,0,0,0,0,0,0,0,0,0,0,0,0,0,0,0,0,0,0,0,0,0,0,0,0,0,0,0,0,0,0,0,0,0,0,0,0,0,0,0,0,0,0,0,0,0,0,0,0,0,0,0,0,0,0.37943
0,0,0,0,0,0,0,0,0,0,0,0,0,0,0,0,0,0,0,0,0,-0.1713,-0.24471,-0.31721,-0.35687,-0.26765,-0.10706,0,0.1142,0.31721,0.41634,0.46118,0.38931,0.31721,0.19033,0.095164,0,0,0,0,0,0,0.071373,0,0,0.071373,0,0,0.071373,0.071373,0.071373,0.071373,0.071373,0.071373,0.071373,0.071373,0.071373,0.071373,0,0,0,0,0.10706
0,0,0,0,0,0,0,0,0,0,0,0,0,0,0,0,0,0,0,0,0,0,0,0,0,0,0,0,0,0,0,0,0,0,0,0,0,0,0,0,0,0,0,0,0,0,0,0,0,0,0,0,0,0,0,0,0,0,0,0,0,0,0.27919
0.38241,0,0,0,0,0,0,0,0,0,0,0,0,0,0,0,0,0,0,0,0,0,0,0,0,0,0,0,0,0,0,0,0,0,0,0,0,0,0,0,0,0,0,0,0,0,0,0,0,0,0,0,0,0,0,0,0,0,0,0,0,0,0
0,0,0,0,0,0,0,0,0,0,0,0,0,0,0,0,0,0.19822,0,0,0.19822,0.19822,0,0,0.19822,0.19822,0,0,0,0,0,0,0,0,0,0,0,0,0,0,0,0,0,0,0,0,0,0,0,0,0,0,0,0,0,0,0,0,0,0,0.19822,0.19822,0.19822
0,0,0,0,0,0,0,0,0,0,0,0,0,0,0,0,0,0,0,0,0,0,0,0,0,0,0,0,0,0,0,0,0,0,0,0,0,0,0,0,0,0,0,0,0,0,0,0,0,0,0,0,0,0,0,0,0,0,0,0,0,0,0.35176
0,0,0,0,0,0,0,0,0,0,0,0,0,0,0,0,0,0,0,0,0.11648,0,0,0.11648,0,0,0.11648,0.11648,0,0,0.11648,0,0,0,0,0,0,0,0,0,0,0,0,0,0,0,0,0,0,0,0,0,0,0,0,0,0,0,0,0,0,0,0.17472
0.12852,0,0,0.1428,0.11424,0.17136,0.11424,0,-0.15818,-0.68545,0,0.29,0.73305,0.14994,0.12852,0.12852,0.085681,0.085681,0.11424,0.17136,0.11424,0,0,0,0,0,0,0,0,0.085681,0,0,0,0,0,0,0,0,0,0,0,0,0,0,0,0,0,0,0,0,0,0,0,0,0,0,0,0,0,0,0,0,0
0.14147,0.14147,0.14147,0.14147,0.14147,0.14147,0.14147,0.14147,0,0,0,0,0,0,0,0,0,0,0,0,0,0,0,0,0,0,0,0,0,0.14147,0,0,0,0,0,0,0,0,0,0,0,0,0,0,0,0,0,0,0,0,0,0,0,0,0,0,0,0,0,0,0,0,0
0,0,0,0,0,0,0,0,0,0,0,0,0,0,0,0,0,0,0,0,0,0,0,0,0,0,0,0,0,0,0,0,0,0,0,0,0,0,0,0,0,0,0,0,0,0,0,0,0,0,0,0,0,0,0,0,0,0,0,0,0,0,0.23139
0.49724,0,0,0,0,0,0,0,0,0,0,0,0,0,0,0,0,0,0,0,0,0,0,0,0,0,0,0,0,0,0,0,0,0,0,0,0,0,0,0,0,0,0,0,0,0,0,0,0,0,0,0,0,0,0,0,0,0,0,0,0,0,0.49724
0,0,0.24366,0,0,0.24366,0.24366,0,0,0.24366,0,0,0,0,0,0,0,0,0,0,0,0,0,0,0,0,0,0,0,0,0,0,0,0,0,0,0,0,0,0,0,0,0,0,0,0,0,0,0,0,0,0,0,0,0,0,0,0,0.24366,0,0,0,0
0,0,0.13569,0,0,0,0,0,0,0.13569,0,0,0,0,0,0,0,0,0,0,0,0,0,0,0,0,0.13569,0,0,0,0,0,0,0,0,0,0,0,0,0,0,0,0,0,0,0,0,0,0,0,0,0,0,0,0,0,0,0,0,0,0,0,0.20353
0,0,0,0,0.15143,0,0,0,0,0.15143,0.15143,0,0,0,0,0.15143,0,0,0.15143,0.15143,0.15143,0,0,0.15143,0.15143,0,0,0.15143,0,0,0,0,0,0,0,0,0,0,0,0,0,0,0,-0.15143,0,0,-0.15143,-0.15143,0,0,0,0,0,0,0,0,0,0,0,0,0,0,0
0.31983,0,0,0,0,0,0,0,0,0,0,0,0,0,0,0,0,0,0,0,0,0,0,0,0,0,0,0,0,0,0,0,0,0,0,0,0,0,0,0,0,0,0,0,0,0,0,0,0,0,0,0,0,0,0,0,0,0,0,0,0,0,0
0.24576,0,0,0,0,0,0,0.16384,0,0,0,0,0.16384,0,0,0.16384,0,0,0,0,0,0,0,0,0,0,0,0,0,0,0,0,0,0,0,0,0,0,0,0,0,0,0,0,0,0,0,0,0,0,0,0,0,0,0,0,0,0,0,0,0,0,0
0.16535,0.44095,0.44095,0,0,0,0,0,0,0,0,0,0,0,0,0,0,0,0,0,0,0,0,0,0,0,0,0,0,0,0,0,0,0,0,0,0,0,0,0,0,0,0,0,0,0,0,0,0,0,0,0,0,0,0,0,0,0,0,0,0,0,0.49606
0.62978,0,0,0,0,0,0,0,0,0,0,0,0,0,0,0,0,0,0,0,0,0,0,0,0,0,0,0,0,0,0,0,0,0,0,0,0,0,0,0,0,0,0,0,0,0,0,0,0,0,0,0,0,0,0,0,0,0,0,0,0,0,0
0.2419,0,0,0,0,0,0,0,0,0,0,0,0,0,0,0,0,0,0,0,0.16127,0,0,0,0,0,0,0,0,0,0,0,0,0,0,0,0,0,0,0,0,0,0,0,0,0,0,0,0,0,0,0,0,0,0,0,0,0,0,0,0,0,0
0.11579,0.11579,0,0,0.11579,0.11579,0.11579,0,0,0.11579,0.11579,0,0,0.11579,0,0,0.11579,0,0,0,0,0.11579,0,0,0,0,0,0,0,0,0,0,0,0,0,0,0,0,0,0,0,0,0,0,0,0,0,0,0,0,0,0,0,0,0,0,0,0,0,0,0,0,0
0.16549,0,0,0,0,0,0,0.11033,0,0,0.11033,0,0,0,0,0,0,0,0,0,0,0,0,0,0,0,0,0,0,0,0.11033,0,0,0,0,0.11033,0,0,0,0,0,0,0,0,0,0,0,0,0,0,0,0,0,0,0,0,0,0,0,0,0,0,0
0.052075,0.13887,0.13887,0.10415,0.10415,0.10415,0.10415,0.10415,0,0,0.10415,0,0,0,0,0,0,0,0,0,0,0,0,0,0.10415,0,0,0.10415,0.10415,0,0,0.10415,0,0,0.10415,0.10415,0,0,0,0,0,0,0,0,0,0,0,0,0,0,0,0,0,0,0,0,0,0,0,0,0,0,0
0.1155,0.1155,0.1155,0,0,0.1155,0.1155,0.1155,0.1155,0,0,0.1155,0,0,0,0,0,0,0,0,0,0,0,0,0,0,0,0,0,0,0,0,0,0.1155,0.1155,0.1155,0.1155,0.154,0.154,0.1155,0.1155,0.1155,0,0,0,0,0,0,0,0,0,0,0,0,0,0,0,0,0,0,0,0,0
0,0,0,0,0,0,0,0,0,0,0,0,0,0,0,0,0,0,0,0,0,0,0,0,0,0,0,0,0,0,0,0,0,0,0,0,0,0,0,0,0,0,0,0,0,0,0,0,0,0,0,0,0,0,0,0,0,0,0,0,0,0.18732,0.18732
0.17737,0,0,0,0,0,0,0,0,0,0,0,0,0,0,0,0,0,0,0,0,0,0,0,0,0,0,0,0,0,0,0,0,0,0,0,0,0,0.11824,0,0,0.11824,0.11824,0.11824,0,0,0.11824,0.11824,0.11824,0,0,0,0,0,0,0,0,0,0,0,0,0,0
0.69605,0,0,0,0,0,0,0,0,0,0,0,0,0,0,0,0,0,0,0,0,0,0,0,0,0,0,0,0,0,0,0,0,0,0,0,0,0,0,0,0,0,-0.46403,-0.46403,0,0.61871,0,0,0,0,0,0,0,0,0,0,0,0,0,0,0,0,0
0,0,0,0,0,0,0,0,0.13021,0,0,0.13021,0,0,0,0,0,0,0,0,0,0,0,0,0,0,0,0,0,0,0,0,0,0,0,0,0,0,0,0,0,0,0,0,0,0,0,0,0.13021,0,0,0.13021,0.13021,0.13021,0.13021,0.13021,0.13021,0.13021,0.13021,0,0,0.13021,0.13021
0.57236,0.30526,0,0,0,0,0,0,0,0,0,0,0,0,0,0,0,0,0,0,0,0,0,0,0,0,0,0,0,0,0,0,0,0,0,0,0,0,0,0,0,0,0,0,0,0,0,0,0,0,0,0,0,0,0,0,0,0,0,0,0,0,0
0,0,0,0,0,0,0,0.22409,0,0,0,0,0,0,0,0,0,0,0,0,0,0,0,0,0,0,0,0,0,0,0,0,0,0,0,0,0,0,0,0,0,0,0,0,0,0,0,0,0,0,0,0,0,0,0,0,0,0,0,0,0,0,0
0,0,0,0,0,0,0,0,0,0,0,0,0,0.10729,0,0,0.10729,0.10729,0.10729,0.10729,0,0,0.10729,0.10729,0.10729,0.10729,0,0,0.10729,0.10729,0.10729,0.10729,0,0,0.10729,0.10729,0,0,0,0,0,0,0,0,0,0,0,0,0,0,0,0,0,0,0,0,0,0,0,0,0,0,0
0,0,0,0,0,0,0,0,0,0,0,0,0,0,0,0,0,0,0.10007,0.10007,0.10007,0.10007,0,0,0.10007,0.10007,0.10007,0.10007,0,0,0.10007,0.10007,0.10007,0,0,0.10007,0,0,0,0,0,0,0,0,0,0,0,0,0,0,0,0,0,0,0,0,0,0,0,0,0,0,0.1501
0,0,0,0,0,0,0,0,0,0,0,0,0,0,0,0,0,0,0,0,0,0,0,0,0,0,0,0,0,0,0,0,0,0,0,0,0,0,0,0,0,0,0,0,0,0,0,0,0,0,0,0,0,0,0,0,0,0,0,0,0,0,0
0,0,0,0,0,0,0,0,0,0,0,0,0,0,0,0,0,0,0,0,0,0,0,0,0,0,0,0,0,0,0,0,0,0,0,0,0,0,0,0,0,0,0,0,0,0,0,0,0,0,0,0,0,0,0,0,0,0,0,0,0,0,0.37212
0,0,0,0,0,0,0,0,0,0,0,0,0,0,0,0,0,0,0,0,0,0,0,0,0,0,0,0,0,0,0,0,0,0,0,0,0,0,0,0,0,0,0,0,0,0,0,0,0,0,0,0,0,0,0,0,0,0,0,0,0,0,0
0,0,0,0,0,0,0,0,0,0,0,0,0,0,0,0,0,0,0,0,0,0,0,0,0,0,0,0,0,0,0,0,0,0,0,0,0,0,0,0,0,0,0,0,0,0,0,0,0,0,0,0,0,0,0,0,0,0,0,0,0,0,0.31521
0.15648,0,0,0,0,0,0,0,0,0.10432,0,0,0,0,0.10432,0,0,0.10432,0,0,0.10432,0,0,0.10432,0,0,0,0,0,0,0,0,0,0,0,0,0,0,0,0,0,0,0,0,0,0,0,0.10432,0,0,0,0,0,0,0,0,0,0,0,0,0,0,0.15648
0,0,0,0,0,0,0,0,0,0,0,0,0,0,0,0,0,0,0,0,0,0,0,0,0,0,0.12666,0,0,0,0,0.12666,0.12666,0.12666,0,0,0.12666,0.12666,0.12666,0.12666,0.12666,0,0,0,0,0,0,0,0,0,0,0,0,0,0,0,0,0,0,0,0,0,0
0.21021,0,0,0.14014,0,0,0,0,0.14014,0,0,0,0,0,0,0.14014,0,0,0,0,0,0,0,0,0,0,0,0,0,0,0,0,0,0,0,0,0,0,0,0,0,0,0,0,0,0,0,0,0,0,0,0,0,0,0,0,0,0,0,0,0,0.70071,0
0,0,0,0,0,0,0,0,0.094043,0,0,0.094043,0,0,0.094043,0,0,0,0,0.094043,0,0,0,0,0.094043,0.094043,0,0,0.094043,0.094043,0,0,0.094043,0.094043,0.094043,0,0,0.094043,0,0,0,0,0,0,0,0,0,0,0,0,0,0,0,0,0,0,0,0,0,0,0,0,0.14106
0,0,0,0,0.1648,0,0,0,0,0,0,0.1648,0,0,0,0,0,0,0,0,0,0,0,0,0,0,0,0,0,0,0,0,0,0,0,0,0,0,0,0,0,0,0,0,0,0,0,0,0,0,0,0,0,0,0,0,0,0,0,0,0,0,0
0,0,0,0,0.50179,0,0,0,0,0,0.37634,0,0,0,0,0,0,0,0,0,0,0,0,0,0,0,0,0,0,0,0,0,0,0,0,0,0,0,0,0,0,0,0,0,0,0,0,0,0,0,0,0,0,0,0,0,0,0,0,0,0,0,0
0,0,0,0,0,0,0,0,0,0,0,0,0,0,0,0,0,0,0,0,0,0,0,0,0,0.4116,0,0,0,0,0,0,0,0,0,0,0,0,0,0,0,0,0,0,0,0,0,0,0,0,0.3087,0,0,0,0,0,0,0,0,0,0,0,0
0,0,0.10605,0,0,0.10605,0,0,0.10605,0,0,0.10605,0.10605,0,0,0.10605,0.10605,0,0,0.10605,0.10605,0,0,0.10605,0,0,0.10605,0,0,0,0,0,0,0,0,0,0,0,0,0,0,0,0,0,0,0,0,0,0,0,0,0,0,0,0,0,0,0,0,0,0,0,0
0.097281,0.097281,0.097281,0.097281,0.097281,0,0,0.097281,0.097281,0.097281,0.097281,0,0,0.097281,0.097281,0.097281,0,0,0.097281,0,0,0.097281,0,0,0.097281,0,0,0,0,0.097281,0,0,0,0,0,0,0,0,0,0,0,0,0,0,0,0,0,0,0,0,0,0,0,0,0,0,0,0,0,0,0,0,0.14592
0.13757,0,0,0,0,0.091711,0,0,0,0,0.091711,0,0,0,0,0,0,0.091711,0,0,0.091711,0.091711,0.091711,0,0,0.091711,0,0,0,-0.091711,-0.091711,0,0,0,0.091711,0.12228,0.12228,0.12228,0.18342,0.12228,0.12228,0.12228,0.091711,0,0,0,0,0,0,0,0,0,0,0,0,0,0,0,0,0,0,0,0.13757
0.095702,0.095702,0.1276,0.1276,0.1276,0.1276,0.095702,0.1276,0.1276,0.095702,0.095702,0.095702,0.1276,0.1276,0.095702,0.095702,0.095702,0.095702,0.095702,0,0,0,0,0.095702,0,0,0,0,0,0,0,0,0,0,0.095702,0.095702,0.1276,0.1276,0.095702,0.095702,0.095702,0.095702,0,0,0,0,0,0,0,0,0,0,0,0,0,0,0,0,0,0,0,0,0
-0.63112,0,0.3366,0,0,0,0,0,0,0,0,0,0,0,0,0,0,0,0,0,0,0,0,0,0,0,0,0,0,0,0,0,0,0,0,0,0,0,0,0,0,0,0,0,0,0,0,0,0,0,0,0,0,0,0,0,0,0,0,0,0,0,0.37867
0,0,0.20362,0,0,0,0,0,0,0,0,0,0,0,0,0,0,0,0,0,0,0,0,0,0,0,0,0,0,0,0,0,0,0,0,0,0,0,0,0,0,0,0,0,0,0,0,0,0,0,0,0,0,0,0,0,0,0,0,0,0,0,0.30542
-0.40856,0,0.20428,0.20428,0,0,0,0,0,0,0,0,0,0,0,0,0,0,0,0,0,0,0,0,0,0,0,0,0,0,0,0,0,0,0,0,0,0,0,0,0,0,0,0,0,0,0,0,0,0,0,0,0,0,0,0,0,0,0,0,0,0,0
0,0,0.243,0.243,0.243,0.243,0,0,0.243,0,0,0,0,0,0,0,0,0,0,0,0,0,0,0,0,0,0,0,0,0,0,0,0,0,0,0,0,0,0,0,0,0,0,0,0,0,0,0,0,0,0,0,0,0,0,0,0,0,0,0,0,0,0
0.31179,0.31179,0,0,0.20786,0,0,0,0.1559,0,0,0,0.1559,0,0,0,0,0,0,0,0,0,0,0,0,0,0,0,0,0,0,0,0,0,0,0,0,0,0,0,0,0,0,0,0,0,0,0,0,0,0,0,0,0,0,0,0,0,0,0,0,0,0
0,0,0.1125,0.1125,0.1125,0,0,0.1125,0.1125,0.1125,0,0,0.1125,0.1125,0.1125,0,0,0.1125,0,0,0.1125,0.1125,0,0,0.1125,0,0,0,0,0,0,0,0,0,0,0,0,0,0,0,0,0,0,0,0,0,0,0,0,0,0,0,0,0,0,0,0,0,0,0,0,0,0
0,0,0,0,0,0,0,0,0,0,0,0,0,0,0,0,0,0,0,0,0,0,0,0,0,0,0,0,0,0,0,0,0,0,0,0,0,0,0,0,0,0,0,-0.2714,0,0,0,0,0,0,0,0,0,0,0,0,0,0,0,0,0,0,0
0,0,0,0,0,0,0,0,0.17645,0,0,0.17645,0,0,0,0,0.17645,0,0,0,0,0,0,0,0,0.17645,0,0,0,0,0,0,0,0,0,0,0,0,0,0,0,0,0,0,-0.17645,-0.17645,-0.17645,0,0,0,0,0,0,0,0.17645,0.17645,0.17645,0.17645,0.17645,0.17645,0,0,0.26468
0.10019,0.26718,0.40077,0.34352,0.24046,0.24046,0.15029,0.10019,0.10019,0,0,0,0,0,0,0.10019,0.13359,0.13359,0.10019,0.10019,0.10019,0,0,0.10019,0.10019,0,0,0,0,0,0,0,0,0,0,0,0,0,0,0,0,0,0,0,-0.10019,-0.13359,0,0,0,0,0,0.10019,0.10019,0,0,0,0,0,0,0,0,0,0.15029
0,0,0,0,0.095808,0,0,0.095808,0,0,0.095808,0,0,0.095808,0.095808,0.095808,0.095808,0,0,0.095808,0.095808,0.095808,0,0,0,0,0,0,0,0,0,0,0,0,0,0.095808,0,0,0,0,0,0,0,0,0,0,0,0,0,0,0,0,0,0,0,0,0,0,0,0,0,0,0
0,0,0,0,0,0,0,0,0,0,0,0,0,0,0,0,0,0,0,0,0,0,0,0,0,0,0,0,0,0,0,0,0,0,0,0,0,0.11715,0,0,0.11715,0.11715,0.11715,0,0,0.11715,0.11715,0,0,0.11715,0,0,0,0,0.11715,0,0,0,0,0,0,0,0.17572
0,0,0.49287,0.36965,0.36965,0.36965,0.36965,0.36965,0.36965,0.36965,0.36965,0,0,0,0,0,0,0,0,0,0,0,0,0,0,0,0,0,0,0,0,0,0,0,0,0.36965,0,0,0,-0.36965,0,0,-0.36965,-0.49287,0,0.55447,0,0,0,0,0,0,0,0,0,0,0,0,0,0,0,0,0
0,0,0,0,0,0,0,0,0,0,0,0,0,0,0,0,0,0,0,0,0,0,0,0,0,0,0,0,0,0,0,0,0,0,0,0,0,0,0,0,0,0,0,0,0,0,0,0,0,0,0,0,0,0,0,0.18229,0,0,0,0,0,0,0.27344
0,0,0,0,0.18965,0,0,0,0,0.18965,0,0,0,0,0,0,0,0,0,0,0,0,0,0,0,0,0,0.18965,0,0,0,0,0,0,0,0,0.18965,0,0,0,0,0,0,-0.18965,-0.18965,-0.25287,-0.37931,-0.37931,-0.37931,-0.37931,-0.25287,-0.18965,-0.18965,0,0,0,0,0.18965,0.18965,0.18965,0,0,0.28448
0,0,0,0,0,0,0,0,0,0,0,0,0,0,0,0,0,0,0,0,0,0.12242,0,0,0.12242,0,0,0.12242,0,0,0,0,0,0,0,0,0,0,0,0,0,0,0,0,0.12242,0.12242,0.12242,0,0,0,0,0,0,0,0.12242,0.12242,0.12242,0.12242,0.12242,0,0,0,0
0,0,0,0,0,0,0.078089,0.078089,0.078089,0.10412,0.10412,0.10412,0.10412,0.10412,0.10412,0.10412,0.10412,0.078089,0.078089,0.078089,0.078089,0.078089,0.078089,0.078089,0.078089,0,0,0.078089,0.078089,0,0,0,0,0,0,0,0,0,0,0,0,0,0,0,0,0,0,0,0,0,0,0,0,0,0,0,0,0,0,0,0,0,0
0,0,0,0.45701,0,0,0.45701,0,0,0,0,0,0,0.60934,0,0,0,0,0,0,0,0,0,0,0,0,0,0,0,0,0,0,0,0,0,0.45701,0,0,0,0,0,0,-0.45701,0,0,0,0.45701,0,0,0,0,0,0,0,0,0,0,0,0,0,0,0,0
0.24523,0,0,0.16349,0.16349,0.16349,0.16349,0,0,0.16349,0,0,0,0,0.16349,0,0,0,0,0,0,0,0,0,0,0,0,0,0,0,0,0,0,0,0,0,0,0,0,0,0,0,0,0,0,0,0,0,0,0,0,0,0,0,0,0,0,0,0,0,0,0,0
0.17895,0,0,0,0,0,0,0,0,0,0,0,0,0,0,0,0,0,0,0,0,0,0,0,0,0,0,0,0,0,0,0,0,0,0,0,0,0,0,0,0,0,0,0.1193,0.1193,0,0,0.1193,0.1193,0,0,0.1193,0,0,0,0,0,0,0,0,0,0,0
0,0,0,0,0,0,0,0,0,0,0,0,0,0,0,0,0,0,0,0,0,0,0,0,0,0,0,0,0,0,0,0,0,0,0,0,0,0,0,0,0,0,0,0,0,0,0,0,0,0,0,0,0,0,0.19905,0.19905,0.19905,0.19905,0.19905,0.19905,0,0,0.29857
0.23922,0,0,0.15948,0,0,0.15948,0,0,0,0,0.15948,0,0,0,0,0,0,0,0,0,0,0,0,0,0,0,0,0,0,0,0,0,0,0,0,0,0,0,0,0,0,0,0,0,0,0,0,0,0,0,0,0,0,0,0,0,0,0,0,0,0,0
0.15821,0,0,0,0,0,0,0,0,0,0,0,0,0,0,0,0,0,0.10547,0,0,0.10547,0,0,0.10547,0.10547,0,0,0.10547,0.10547,0,0,0.10547,0.10547,0,0,0.10547,0,0,0,0,0,0,0,0,0,0,0,0,0,0,0,0,0,0,0,0,0,0,0,0,0,0.15821
0.19832,0,0,0,0,0.13221,0,0,0.13221,0,0,0.13221,0,0,0.13221,0,0,0,0,0,0,0,0,0,0,0,0.13221,0,0,0,0,0,0,0,0,0,0,0,0,0,0,0,0,0,0,0,0,0,0,0,0,0,0,0,0,0,0,0,0,0,0,0,0
0.14719,0.14719,0.14719,0.14719,0.14719,0.14719,0.14719,0.19626,0.19626,0.14719,0.14719,0.14719,0,0,0,0,0,0,0,0,0,0,0,0,0,0,0,0,0.14719,0,0,0,0,0,0,0,0,0,0,0,0,0,0,0,0,0,0,0,0,0,0,0,0,0,0,0,0,0,0,0,0,0,0
0,0,0.12078,0.12078,0.12078,0.12078,0.12078,0.12078,0,0,0.12078,0,0,0,0,0,0,0,0,0,0,0,0,0,0,0,0,0.12078,0,0,0,0,0,0,0,0,0,0,0,0,0,0,0,0,0,0,0,0,0,0,0,0,0,0,0,0,0,0,0,0,0,0,0
0,0,0,0,0,0,0,0,0,0,0,0,0,0,0,0,0,0,0,0,0,0,0,0,0,0,0,0,0,0,0,0,0,0,0,0,0,0,0,0,0,0,0,0,0,0,0,0,0,0,0,0,0,0,0,0,0,0,0,0,0,0,0
0,0,0,0,0,0,0.14259,0.14259,0,0,0.14259,0.14259,0.14259,0.14259,0,0,0.14259,0,0,0,0,0,0,0,0,0,0,0,0,0,0,0,0,0,0,0,0,0,0,0,0,0,0,0,0,0,0,0,0,0,0,0,0,0,0,0,0,0,0,0,0,0,0
0,0,0,0,0,0,0,0,0,0.19387,0,0,0.19387,0,0,0.19387,0,0,0,0,0,0,0,0,0,0,0,0,0,0,0,0,0,0,0,0,0,0,0,0,0,0,0,0,0,0,0,0,0,0,0,0,0,0,0,0,0,0,0,0,0,0,0
0,0,0,0,0,0,0,0,0,0,0,0,0,0,0,0,0,0,0,0,0,0,0,0,0,0,0,0,0,0.11514,0,0,0.11514,0.11514,0,0,0.11514,0.11514,0,0,0,0,0,0,0,0,0,0,0,0,0,0,0,0,0,0,0,0,0,0,0,0,0.1727
0.27005,0,0,0,0,0,0,0,0,0,0,0,0,0,0,0,0,0,0,0,0,0,0,0,0,0,0,0,0,0,0,0,0,0,0,0,0,0,0,0,0,0,0,0,0,0,0,0,0,0,0,0,0,0,0,0,0,0,0,0,0,0,0
0.055847,0.14892,0.14892,0.11169,0.11169,0.11169,0.11169,0,0,0.11169,0,0,0.11169,0.11169,0.11169,0.11169,0.11169,0.11169,0,0,0,0,0,0,0,0,0,0,0,0,0,0,0,0,0,0,0,0,0,0,0,0,0,0,0,0,0,0,0,0,0,0,0,0,0,0,0,0,0,0,0,0,0
0.23488,0,0,0.15659,0.15659,0,0,0.15659,0,0,0.15659,0,0,0,0,0,0,0,0,0.15659,0,0,0,0,0,0,0,0,0,0,0,0,0,0,0,0,0,0,0,0,0,0,0,0,0,-0.15659,-0.15659,-0.15659,-0.15659,-0.15659,-0.15659,0,0,0,0.15659,0.15659,0.20878,0.20878,0.20878,0.20878,0,0,0.23488
0,0,0,0,0,0,0,0,0,0,0,0,0,0,0,0,0,0,0,0,0,0,0,0,0,0,0,0,0,0.093805,0,0,0.093805,0,0,0.093805,0.093805,0,0,0.093805,0.093805,0.093805,0,0,0.093805,0.093805,0,0,0,0,0.093805,0,0,0,0,0,0,0,0,0,0,0,0
0.56918,0,0,0,0,0,0,0,0,0,0,0,0,0,0,0,0,0,0,0,0,0,0,0,0,0,0,0,0,0,0,0,0,0,0,0,0,0,0,0,0,0,0,0,0,0,0,0,0,0,0,0,0,0,0,0,0,0,0,0,0,0,0
0,0,0,0,0,0,0,0,0,0,0,0,0,0,0,0,0,0,0,0,0,0,0,0,0,0,0,0,0,0,0,0,0,0,0,0,0,0,0,0,0,0,0,0,0,0,0,0,0,0,0,0,0,0,0,0,0,0,0,0,0,0,0
0,0,0.098366,0,0,0,0,0.098366,0,0,0.098366,0,0,0.098366,0,0,0.098366,0,0,0.098366,0,0,0.098366,0,0,0,0,0,0,0,0,0,0,0,0,0,0,0.098366,0,0,0.098366,0.098366,0,0,0,0,0,0,0,0,0,0,0,0,0,0,0,0,0,0,0,0,0.14755
0,0,0,0,0,0,0,0,0,0,0,0,0,0,0,0,0,0,0,0,0,0,0,0,0,0,0,0,0,0,0,0,0,0,0,0,0,0,0,0,0.13406,0,0,0,0,0.13406,0.13406,0,0,0.13406,0,0,0.13406,0,0,0.13406,0,0,0,0,0,0,0.2011
0,0,0,0,0,0,0,0,0,0,0,0,0,0,0,0,0,0,0,0,0,0,0,0,0,0,0,0,0,0,0,0,0,0,0,0,0,0,0,0,0,0,0,0,0,0,0,0,0,0,0,0,0,0,0,0,0,0,0,0,0,0,0
0.56268,0,0,0,0,0,0,0,0,0,0,0,0,0,0,0,0,0,0,0,0,0,0,0,0,0,0,0,0,0,0,0,0,0,0,0,0,0,0,0,0,0,0,0,0,0,0,0,0,0,0,0,0,0,0,0,0,0,0,0,0,0,0
0.075379,0.075379,0.075379,0,0,0.075379,0.075379,0.075379,0.075379,0.075379,0,0,0.075379,0.075379,0.075379,0,0,0.075379,0.075379,0,0,0.075379,0.075379,0.075379,0.075379,0.075379,0.075379,0.075379,0.075379,0.075379,0.075379,0.075379,0,0,0.075379,0.075379,0,0,0.075379,0,0,0,0,0,0,0,0,0,0,0,0,0,0,0,0,0,0,0,0,0,0,0,0
0.11617,0.11617,0.11617,0.11617,0.11617,0.11617,0.11617,0.11617,0.11617,0.11617,0.11617,0.11617,0.11617,0.11617,0.11617,0,0,0,0,0,0,0.11617,0,0,0,0,0,0,0,0,0,0,0,0,0,0,0,0,0,0,0,0,0,0,0,0,0,0,0,0,0,0,0,0,0,0,0,0,0,0,0,0,0
0,0,0,0,0,0,0,0,0,0,0,0,0,0,0,0,0,0,0,0,0,0,0,0,0,0,0,0,0,0,0,0,0,0,0,0,0,0,0,0,0,0,0,0,0,0,0,0,0,0,0,0,0,0,0,0,0,0,0,0,0,0,0
0,0,0,0,0,0,0,0,0,0,0,0,0,0,0,0,0,0,0,0,0,0,0,0,0,0,0,0,0,0,0,0,0,0,0,0,0,0,0,0,0,0,0,0,0,0,0,0,0,0,0,0,0,0,0,0,0,0,0,0,0,0,0
0,0,0,0,0,0,0,0,0,0,0,0,0,0,0,0,0,0,0.099185,0,0,0.099185,0.099185,0,0,0.099185,0,0,0,0,0.099185,0,0,0,0,0,0,0.099185,0,0,0,0,0,0,0,0,0,0,0,0,0,0,0,0,0,0,0,0,0,0,0,0,0.14878
0,0,0,0,0,0,0,0,0,0,0,0,0,0,0,0,0,0,0,0,0,0,0,0,0,0,0,0,0,0,0,0,0,0,0,0,0,0,0,0,0,0,0,0,0,0,0,0,0,0,0,0,0,0,0,0,0,0,0,0,0,0,0.36956
0.25288,0.25288,0.25288,0.25288,0.25288,0.25288,0,0,0,0,0,0,0,0,0,0,0,0,0,0,0,0,0,0,0,0,0,0,0,0,0,0,0,0,0,0,0,0,0,0,0,0,0.25288,0,0,0,0,0,0,0,0,0,0,0,0,0,0,0,0,0,0,0,0
0,0,0.1623,0.1623,0,0,0,0.2164,0,0,0,0,0.1623,0,0,0,0,0,0,0,0,0,0,0,0,0,0,0.1623,0.1623,0,0,0,0,0,0,0,0,0,0,0,0,0,0,0,0,0,0,0,0,0,0,0,0,0,0,0,0,0,0,0,0,0,0
0,0,0,0,0,0,0,0.29533,0.29533,0.29533,0,0,0.29533,0,0,0,0,0,0,0,0,0,0,0,0,0,0,0,0,0,0,0,0,0,0,0,0,0,0,0,0,0,0,0,0,0,0,0,0,0,0,0,0,0,0,0,0,0,0,0,0,0,0
4.8169,0,0,0,0,0,0,0,0,0.45875,0,0,0,0,0,0,0,0,0,0,0,0,0,0,0,0,0,0,0,0,0,0,0,0,0,0,0,0,0,0,0,0,-0.68813,-0.68813,0,0.45875,0.45875,0,0,-0.45875,0,0,0,0,0,0,0.61167,0,0,0,0,0,0
0.21772,0,0,0,0,0,0,0,0,0,0,0,0,0,0,0,0,0,0,0,0,0,0,0,0,0,0,0,0,0,0,0,0,0,0,0,0,0,0,0,0,0,0,0,0,0.49765,0.58059,0.58059,0.49765,0.34835,0.19353,0.14515,0.19353,0.19353,0.19353,0.29029,0.29029,0.19353,0.14515,0.14515,0.14515,0.14515,0.14515
0,0,0,0,0,0,0,0,0,0,0,0.16267,0,0,0,0,0,0,0,0,0,0,0.16267,0,0,0,0,0,0,0,0,0,0,0,0,0,0,0,0,0,0,0,0,0,0,0,0,0,0,0,0,0,0,0,0,0,0,0,0,0,0,0,0
0,0,0,0,0,0,0,0,0,0,0,0,0,0,0,0,0.08551,0.08551,0.08551,0.08551,0.08551,0.08551,0.08551,0.08551,0.08551,0.08551,0.08551,0.08551,0.08551,0.08551,0.08551,0.08551,0,0,0.08551,0,0,0,0,0,0,0,0,0,0,0,0,0,0,0,0,0,0,0,0,0,0,0,0,0,0,0,0
0,0,0,0,0,0,0,0,0,0,0,0,0,0,0,0,0,0,0,0,0,0.10151,0,0,0.13535,0.13535,0.10151,0.10151,0.10151,0.10151,0.10151,0.10151,0.10151,0.10151,0.10151,0.10151,0.10151,0,0,0,0,0,0,0,0,0,0,0,0,0,0,0,0,0,0.10151,0,0,0,0,0,0,0,0
0,0,0,0,0,0,0,0,0,0,0,0,0.21757,0,0,0,0,0,0,0,0,0,0,0,0,0,0,0,0,0,0,0,0,0,0,0,0,0,0,0,0,0,0,0,0,0,0,0,0,0,0,0,0,0,0,0,0,0,0,0,0,0,0
0,0,0,0,0,0,0,0,0,0,0.20016,0,0,0,0,0,0,0,0,0,0,0,0,0,0,0,0,0,0,0,0,0,0,0,0,0,0,0,0,0,0,0,0,0,0,0,0,0,0,0,0,0,0,0,0,0,0,0,0,0,0,0,0
0.30625,0,0,0,0,0,0,0,0,0,0,0,0,0,0,0,0,0,0.20416,0.20416,0,0,0.20416,0.20416,0,0,0.20416,0,0,0,0,0,0,0,0,0,0,0,0,-0.20416,0,0,0,0,0,0,0,0,0,0,0.20416,0.20416,0,0,0.20416,0.20416,0.20416,0,0,0,0,0,0
0.15084,0.15084,0.15084,0.15084,0,0,0.15084,0,0,0,0,0,0,0,0,0,0,0,0,0,0,0,0,0,0,0,0,0,0,0,0,0,0,0,0,0,0,0,0,0,0,0,0,0,0,0,0,0,0,0,0,0,0,0,0,0,0,0,0,0,0,0,0
0,0,0.82894,0.46052,0.34539,0,0,0,0,0,0.34539,0,0,0,0,0,0,0,0,0,0,0,0,0,0,0,0,0,0,0,0,0,0,0,0,0,0,0,0,0,0,0,0,0,0,0,0,0,0,0,0,0,0,0,0,0,0,0,0,0,0,0,0
0.37717,0,0,0,0,0,0,0,0,0,0,0,0,0,0,0,0,0,0,0,0,0,0,0,0,0,0,0,0,0,0,0,0,0,0,0,0,0,0,0,0,0,0,0,0,0,0,0,0,0,0,0,0,0,0,0,0,0,0,0,0,0,0
0,0,0,0,0,0,0,0,0,0,0,0,0,0,0,0,0,0,0,0,0,0,0,0,0,0,0,0,0,0,0,0,0,0,0,0,0,0,0,0,0,0,0,0,0,0.16571,0.16571,0.16571,0,0,0,0,0,0,0,0,0,0,0,0,-0.24856,0,1.2428
0,0,0,0,0.19779,0,0,0,0,0,0,0,0,0,0,0,0,0,0,0,0,0,0,0,0,0,0,0,0,0,0.19779,0,0,0,0,0,0,0,0,0,0,0,0,0,0,0,0,-0.26372,-0.26372,-0.19779,-0.19779,-0.19779,-0.19779,-0.19779,0,0,0,0,0.19779,0.19779,0,0,0.29668
0,0,0,0,0,0,0,0,0,0,0,0,0,0,0,0,0,0,0,0,0,0,0,0,0,0,0,0,0,0,0,0,0,0,0,0,0.12468,0,0,0.12468,0,0,0.12468,0,0,0,0,0,0,0,0,0,0,0,0,0,0,0,0,0,0,0.12468,0.12468
0,0,0.2933,0.19553,0,0,0,0,0,0,0,0,0,0,0,0,0,0,0,0,0,0,0,0,0,0,0,0,0,0,0,0,0,0,0,0,0,0,0,0,0,0,0,0,0,0,0,0,0,0,0,0,0,0,0,0,0,0,0,0,0,0,0
0.16691,0.16691,0.16691,0.16691,0.16691,0,0,0.16691,0,0,0,0,0,0,0,0,0,0,0,0,0,0,0,0,0,0,0,0,0,0,0,0,0,0,0,0,0,0,0,0,0,0,0,0,0,0,0,0,0,0,0.16691,0.16691,0,0,0,0,0,0,0,0,0,0,0
0.30346,0,0,0,0,0,0,0,0,0,0,0,0,0,0,0,0,0,0,0,0,0,0,0,0,0,0,0,0,0,0,0,0,0,0,0,0,0,0,0,0,0,0,0,0,0,0,0,0,0,0,0,0,0,0,0,0,0,0,0,0,0,0
0.27005,0,0,0,0,0,0,0,0,0,0,0,0,0,0,0,0,0,0,0,0.18003,0,0,0,0,0.18003,0,0,0.18003,0,0,0.18003,0,0,0,0,0.18003,0,0,0,0,0,0,0,0,-0.24005,-0.24005,-0.24005,-0.24005,-0.24005,-0.24005,0,0,0,0,0,0,0,0,0,0,0,0
0,0,0,0,0,0,0,0,0,0,0,0,0,0,0,0,0,0,0,0,0,0,0,0,0,0,0,0,0,0,0,0,0,0,0,0,0,0,0,0,0,0,0,0,0,0,0,0,0,0,0,0,0,0,0,0,0,0,0,0,0,0,0
0,0,0,0,0,0,0,0,0,0,0,0,0,0,0,0,0,0,0,0,0,0,0,0,0,0,0,0,0,0,0,0,0,0,0,0,0,0,0,0,0,0,0,0,0,0,0,0,0,0,0,0,0,0,0,0,0,0,0,0,0,0,0
0,0,0,0.11172,0,0,0,0,0,0,0,0,0,0,0.11172,0,0,0.11172,0,0,0.11172,0.11172,0,0,0.11172,0,0,0.11172,0,0,0,0,0,0,0,0,0,0,0,0,0,0,0,0,0,0,0,0,0,0,0,0,0,0,0,0,0,0,0,0,0,-0.22343,-0.22343
0,0,0.40214,0.33512,0,0,0,0,0,0,0,0,0,0.16756,0,0,0,0,0,0,0,0,0,0,0,0,0,0,0,0,0,0,0,0,0,0,0,0,0,0,0,0,0,0,0,0,0,0,0,0,0,0,0,0,0,0,0,0,0,0,0,0,0
0,0,0,0,0,0,0,0,0,0,0,0,0,0,0,0,0,0,0,0,0,0,0,0,0,0,0,0,0,0,0,0,0,0,0,0,0,0,0,0,0,0,0,0,0,0,0,0,0,0,0,0,0,0,0,0,0,0,0,0,0,0,0
0.31554,0,0,0,0,0,0,0,0,0,0,0,0,0,0,0,0,0,0,0,0,0,0,0,0,0,0,0,0,0,0,0,0,0,0,0,0,0,0,0,0,0,0,0,0,0,0,0,0,0,0,0,0,0.21036,0.21036,0.21036,0.21036,0.21036,0.21036,0.21036,0.21036,0.21036,0.21036
0,0,0,0,0,0,0,0,0,0,0,0,0,0,0,0,0,0,0,0,0,0,0,0,0,0,0,0,0,0,0,0,0,0.13367,0.13367,0.13367,0,0,0,0,0,0,0,0,0,0,0,0,0,0,0,0,0,0,0,0,0,0,0,0,0,0,0
0,0,0.14276,0,0,0.14276,0,0,0.14276,0,0,0.14276,0,0,0,0,0.14276,0,0,0.14276,0,0,0,0,0.14276,0,0,0,0,0,0,0,0,0,0,0,0,0,0,0,0,0,0,0,0,0,0,0,0,0,0,0,0,0,0,0,0,0,0,0,0,0,0
0,0,0,0,0,0,0.29084,0,0,0.29084,0,0,0,0,0,0,0,0,0,0,0,0,0,0,0,0,0,0,0,0,0,0,0,0,0,0,0,0,0,0,0,0,0,0,0,0,0,0,0,0,0,0,0,0,0,0,0,0,0,0,0,0,0
0,0,0,0,0,0,0,0,0,0,0.075643,0,0,0.075643,0.075643,0.075643,0.075643,0.075643,0.075643,0.075643,0.075643,0.075643,0.10086,0.10086,0.075643,0.075643,0.075643,0.075643,0.075643,0.075643,0.075643,0.075643,0.075643,0,0,0,0,0.075643,0,0,0,0,0.075643,0,0,0,0,0,0,0,0,0,0,0,0,0,0,0,0,0,0,0,0.11346
0,0,0,0,0,0,0,0,0.091622,0,0,0.091622,0.091622,0,0,0.091622,0,0,0.091622,0,0,0,0,0.091622,0,0,0.091622,0,0,0.091622,0,0,0.091622,0,0,0,0,0,0,0,0,0,0,0,0,0.091622,0,0,0,0,0.091622,0,0,0,0,0,0,0,0,0,0,0,0
0.33895,0,0,0,0,0,0,0,0,0,0,0,0,0,0,0,0,0,0,0,0,0,0,0,0,0,0,0,0,0,0,0,0,0,0,0,0,0,0,0,0,0,0,0,0,0,0,0,0,0,0,0,0,0,0,0,0,0,0,0,0,0,0
0,0,0,0,0,0,0,0,0,0,0.22889,0,0,0,0,0,0,0,0,0,0,0,0,0,0,0,0,0,0,0,0,0,0,0,0,0,0,0,0,0,0,0,0,0,0,0,0,0,0,0,0.22889,0.22889,0.22889,0.22889,0.22889,0.22889,0.22889,0.22889,0.22889,0,0,0.22889,0.22889
0.55138,0.55138,0,0,0.55138,0,0,0.55138,0,0,0,0,0,0,0,0,0,0,0,0,0,0,0,0,0,0,0,0,0,0,0,0,0,0,0,0,0,0,0,0,0,0,-0.55138,0,0,0,0,0.55138,0,0,0,0,0,0,0,0,0,0,0,0,0,0,0
-0.75455,0,0,0,0,0,0,0,0,0,0,0,0,0,0,0,0,0,0,0,0,0,0,0,0,0,0,0,0,0,0,0,0,0,0,0,0,0,0,0,0,0,0,0,0,0,0,0,0,0,0,0,0,0,0,0,0,0,0,0,0,0,0
0,0,0,0.30452,0,0,0,0,0,0,0,0,0,0,0,0,0,0,0,0,0,0,0,0,0,0,0,0,0,0,0,0,0,0,0,0,0,0,0,0,0,0,0,0,0,0,0,0,0,0,0,0,0,0,0,0,0,0,0,0,0,0,0
0,0,0,0,0,0,0,0,0,0,0,0,0,0,0,0,0,0,0,0,0,0,0,0,0,0,0,0,0,0,0,0,0,0,0,0,0,0,0,0,0,0,0,0,0,0,0,0,0,0,0,0,0,0,0,0,0,0,0,0,0,0,0
0,0,0,0,0,0,0,0,0,0,0,0,0,0,0,0,0,0,0,0,0,0,0,0,0,0,0,0,0,0,0,0,0,0,0,0,0,0,0,0,0,0,0,0,0,0,0,0,0,0,0,0,0,0,0,0,0,0,0,0,0,0,0
0,0,0,0,0.16471,0,0,0,0,0.16471,0,0,0,0,0,0,0,0,0,0,0,0,0,0,0,0,0,0,0,0,0,0,0,0,0,0,0,0,0,0,0,0,0,0,0,0,0,0,0,0,0,0,0,0,0,0,0,0,0,0,0,0,0
0,0,0,0,0,0,0,0,0,0,0,0,0,0.10761,0,0,0.10761,0,0,0.10761,0,0,0.10761,0,0,0.10761,0.10761,0,0,0.10761,0,0,0.10761,0,0,0,0,0,0,0,0,0,0,0,0,0,0,0,0,0,0,0,0,0,0,0,0,0,0,0,0,0,0
0,0,0.13773,0.13773,0.13773,0,0,0.13773,0,0,0.13773,0,0,0.13773,0,0,0,0,-0.13773,0,0,0,0,0,0.13773,0.18363,0.27545,0.18363,0.13773,0.13773,0,0,0,0,0,0,0,0,0,0,0,0,0,0,0,0,0,0,0,0,0,0,0,0,0,0,0,0,0,0,0,0,0
0.078429,0.078429,0.078429,0.078429,0.078429,0.078429,0.078429,0,0,0.078429,0.078429,0.078429,0.078429,0.078429,0.078429,0.078429,0.078429,0.078429,0,0,0.078429,0.078429,0.078429,0.078429,0.078429,0.078429,0.078429,0.078429,0.078429,0.078429,0.078429,0.078429,0,0,0.078429,0.078429,0,0,0,0,0,0,0,0,0,0,0,0,0,0,0,0,0,0,0,0,0,0,0,0,0,0,0
0,0,0,0,0,0,0,0,0,0,0,0,0,0,0,0,0,0,0,0,0,0,0,0,0,0,0,0,0,0,0,0,0,0,-0.24285,-0.24285,0,0,-0.24285,-0.24285,-0.24285,-0.24285,0,0,0,0,0,0,0,0,0.24285,0,0,0.3238,0.24285,0.3238,0.3238,0.3238,0.3238,0.3238,0.3238,0.24285,0.24285
0,0,0,0,0,0,0,0,0,0,0,0,0,0,0,0,0,0,0,0,0,0,0,0,0,0,0,0,0,0,0,0,0,0,0,0,0,0,0,-0.18452,-0.18452,-0.18452,-0.24603,-0.36904,-0.36904,-0.24603,-0.24603,-0.36904,-0.24603,-0.18452,-0.18452,0,0,0,0,0.18452,0.24603,0.36904,0.36904,0.44285,0.44285,0.36904,0.36904
