CASE_LBL,V2,V3,V4,V5,V6,V7,V8,V9,V10,V11,V12,V13,V14,V15,V16,V17,V18,V19,V20,V21,V22,V23,V24,V25,V26,V27,V28,V29,V30,V31,V32,V33,V34,V35,V36,V37,V38,V39,V40,V41,V42,V43,V44,V45,V46,V47,V48,V49,V50,V51,V52,V53,V54,V55,V56,V57,V58,V59,V60,V61,V62,V63,V64
Afghanistan,757,767,779,813,815,816,837,821,850,856,868,857,853,849,846,845,834,836,845,838,833,774,740,803,826,846,866,786,827,809,810,897,978,1013,995,962,1031,852,770,751,710,705,649,559,500,602,618,635,653,671,664,595,727,785,805,874,888,984,985,1155,1215,1261,1350
Albania,1532,1598,1601,1666,1715,1807,1825,1942,2030,2113,2220,2239,2313,2392,2474,2564,2660,2760,2860,2957,3066,3189,3313,3478,3491,3504,3518,3533,3549,3567,3592,3611,3631,3652,3673,3692,3716,3739,3763,3791,3825,2718,2497,2717,2919,3286,3570,3193,3585,3928,4195,4476,4604,4855,5115,5369,5652,5958,6366,6551,6746,6914,6969
Algeria,2429,2398,2449,2436,2558,2572,2764,3014,3060,3548,3717,3203,2551,3147,3214,3328,3071,3247,3520,3748,4004,3559,4183,4195,4321,4489,4643,4910,5373,5682,5610,5573,5745,5854,5987,6107,5876,5681,5416,5458,5245,5061,5023,4800,4653,4732,4824,4797,4965,5049,5099,5156,5288,5577,5791,6011,6022,6134,6163,6174,6301,6355,6419
Angola,3363,3441,3521,3599,3451,3672,3549,3828,3966,3918,4006,4464,4269,4414,4826,5102,5308,5523,5347,5408,5652,5526,5473,5722,5470,3431,3050,3009,3071,3065,3075,2953,2757,2585,2527,2493,2221,2430,2729,2731,2777,2731,2628,1870,1851,1989,2157,2277,2384,2417,2447,2480,2773,2785,3007,3533,4148,4950,5488,5476,5498,5547,5838
Argentina,6253,6362,5911,6108,6243,6567,6630,6857,7158,6575,6985,7367,7133,6853,7453,8022,7956,8053,8284,8871,9212,9408,9443,9633,9990,9766,9612,10079,9603,10125,10127,9422,8998,9239,9302,8526,9027,9140,8846,8108,7847,8576,9308,9742,10207,9808,10245,10967,11273,10771,10571,9993,8798,9481,10232,11063,11866,12748,13458,13421,14487,15595,15714
Armenia,1366,1346,1406,1439,1480,1575,1692,1693,1784,1729,1855,1927,1947,1874,2087,2179,2259,2334,2446,2457,2621,2665,2653,2849,2880,2836,2917,2934,2957,2893,2849,2828,2849,2890,2875,2851,2917,2905,2918,2922,2809,2437,1443,1376,1499,1632,1732,1791,1928,1993,2114,2328,2692,3079,3414,3903,4413,5012,5347,4545,4599,4767,5059
Australia,10031,10161,10040,10158,10544,10865,10974,10950,11241,11678,11898,11712,12217,12722,13330,13740,13861,14526,15089,15647,16273,16633,16789,17430,17575,17825,18351,18334,18635,19381,19506,19842,19477,19215,20295,21040,21169,21889,22508,23134,23152,22894,23425,24053,24780,25519,26151,26998,28169,28983,29242,30043,30688,31634,32099,32798,33204,34197,34444,34389,34885,35254,36065
Austria,5733,6125,6137,6400,7046,7817,8348,8843,9137,9361,10084,10561,10751,11117,11706,11964,12549,12835,13336,14125,15079,15779,16662,17379,18034,18016,18874,19749,19694,20803,21285,21221,21597,22267,22337,22821,23329,23688,24371,25308,26135,26744,27042,26882,27463,27919,28602,29096,30108,31040,32009,32196,32418,32741,33456,34108,35177,36336,36700,35200,35816,36637,36732
Azerbaijan,2095,2067,2161,2215,2281,2431,2615,2619,2764,2682,2882,2993,3024,2911,3242,3384,3508,3625,3799,3816,4072,4139,4121,4425,4488,4437,4579,4622,4673,4589,4535,4516,4566,4649,4641,4618,4741,4738,4776,4799,4629,4529,3456,2628,2089,1829,1843,1943,2132,2286,2533,2776,3059,3388,3760,4648,6174,7617,8331,8985,9326,9218,9291
Bahrain,9158,9508,9867,10230,10600,10957,11308,11636,11922,12170,12374,12544,12753,13030,13372,13810,14286,14805,15320,15865,16484,17332,18269,19043,19905,17069,18770,19340,19213,18373,19097,18770,19211,19765,19830,19035,18783,18524,18571,18432,17860,18147,19036,20066,19499,19759,20102,20292,20834,21318,22015,22630,23404,24686,25660,27236,28478,30261,31539,24415,24013,24037,24473
Bangladesh,673,675,684,683,683,633,688,662,636,656,679,704,686,741,734,758,753,721,772,767,785,731,630,620,682,660,674,660,687,698,684,687,677,693,714,720,736,752,759,763,799,810,838,863,884,913,939,973,1005,1035,1075,1110,1136,1172,1221,1268,1334,1402,1470,1541,1621,1708,1793
Belarus,2341,2310,2416,2477,2552,2720,2926,2932,3095,3005,3229,3353,3388,3261,3633,3792,3931,4061,4257,4276,4562,4638,4618,4959,5110,5133,5383,5521,5672,5660,5683,5751,5908,6112,6200,6268,6540,6641,6802,6946,6808,6693,6014,5528,4869,4356,4475,4988,5412,5602,5936,6225,6546,7000,7807,8541,9431,10272,11534,11570,12490,13249,13515
Belgium,7990,8393,8343,8645,8950,9245,9529,9715,9477,9675,10077,10513,10991,11396,12089,12406,12720,13149,13647,14521,15380,15900,16672,17640,18325,18032,19020,19118,19646,20090,20970,20696,20980,20979,21499,21709,22025,22526,23556,24269,24926,25294,25576,25230,25947,26481,26725,27561,28031,28937,29940,30092,30486,30737,31600,32077,32727,33438,33507,32315,32832,32930,32585
Benin,1104,1084,1063,1013,1021,1001,980,960,974,989,997,1006,949,970,1012,1039,1052,1036,1049,1053,1047,1025,1086,1082,974,988,1002,1029,1032,1083,1154,1187,1278,1187,1244,1297,1285,1226,1223,1158,1165,1182,1191,1178,1169,1177,1202,1233,1252,1273,1308,1333,1373,1386,1389,1390,1399,1420,1448,1444,1439,1449,1464
Bolivia,2531,2654,2677,2373,2372,2444,2249,2128,2131,2077,2118,2113,2181,2268,2323,2381,2493,2587,2741,2795,2869,2906,2980,3107,3188,3317,3490,3548,3579,3496,3391,3358,3157,2966,2945,2875,2735,2754,2801,2819,2897,2982,2962,3015,3089,3165,3234,3326,3430,3378,3395,3390,3413,3451,3529,3618,3713,3803,3956,4009,4095,4225,4363
Bosnia_and_Herzegovina,1042,1069,974,1104,1151,1208,1171,1354,1398,1555,1638,1695,1710,1869,2029,2064,2154,2172,2200,2426,2524,2790,2860,2931,3280,3251,3320,3528,3691,3911,4075,4123,4127,4139,4220,4232,4384,4314,4235,4163,3845,3378,2547,1896,2034,2201,3488,4766,5251,5545,5733,5881,6019,6098,6317,6506,6893,7320,7740,7528,7596,7706,7664
Botswana,825,841,851,866,880,894,906,918,929,944,953,971,984,1000,1019,1034,1119,1215,1319,1424,1533,1769,2264,2658,3077,2897,3271,3215,3640,3818,4178,4399,4551,5080,5450,5656,5890,6206,6960,7620,7829,7965,7954,7861,7898,8030,8282,8647,8991,9417,10108,10544,11004,11391,11723,12057,12574,13011,13240,12463,13181,13689,14046
Brazil,1980,2020,2109,2146,2249,2379,2377,2487,2680,2862,3044,3214,3337,3260,3277,3261,3385,3430,3667,3909,4184,4555,4986,5559,5874,6032,6501,6660,6826,7118,7623,7129,7031,6672,6890,7287,7685,7807,7657,7763,7137,7098,6950,7188,7504,7713,7810,7958,7861,7819,8056,8023,8131,8110,8461,8596,8842,9290,9682,9565,10195,10383,10384
Bulgaria,2132,2567,2444,2692,2614,2773,2747,3009,3238,3465,3759,3966,4254,4413,4722,4970,5326,5577,5639,5869,6162,6329,6597,6822,6990,7528,7723,7612,7771,8063,7803,7987,8224,8052,8302,8038,8236,8240,8179,8025,7226,6711,6303,6367,6551,6820,6251,5970,6283,6491,6907,7265,7697,8105,8721,9353,10013,10713,11427,10862,10990,11464,11670
Burkina_Faso,516,530,543,557,571,586,602,617,634,650,662,685,723,709,720,741,738,795,811,817,810,832,855,799,772,728,709,743,812,801,795,810,807,778,771,849,955,912,958,917,880,938,932,896,879,890,929,946,979,1010,1001,1030,1038,1081,1097,1140,1176,1189,1221,1220,1278,1292,1364
Burundi,322,335,339,347,360,365,372,380,383,398,397,333,355,364,376,380,387,413,400,388,483,511,464,496,485,479,506,556,537,522,540,574,560,563,550,601,612,622,629,623,630,647,632,613,585,507,463,463,474,455,444,441,446,427,432,420,434,446,457,462,468,477,484
Cambodia,352,355,368,363,396,378,417,434,444,475,490,472,497,520,492,502,511,523,533,527,473,449,422,568,481,423,470,525,593,608,607,597,624,649,678,707,724,684,675,667,643,667,682,677,681,708,730,734,730,793,833,865,896,926,1305,1453,1571,1712,1797,1769,1858,1970,2077
Cameroon,1118,1145,1173,1200,1228,1256,1284,1313,1342,1370,1386,1381,1400,1427,1453,1456,1496,1508,1576,1621,1636,1650,1684,1671,1706,1752,1740,1783,1824,1868,1989,2257,2368,2462,2575,2719,2824,2603,2411,2131,2036,1903,1793,1689,1603,1614,1652,1694,1736,1771,1803,1857,1934,1967,1997,1995,2003,2004,2020,2002,2018,2049,2094
Canada,10581,10932,11367,11587,11173,11902,12556,12490,12384,12591,12701,12818,13462,13883,14511,15198,15885,16077,16658,17287,17487,18230,18971,20081,20614,20776,21626,22091,22755,23466,23474,23905,22899,23330,24432,25515,25921,26627,27562,27730,27387,26492,26343,26590,27544,27970,28075,28955,29837,31155,32449,32571,33329,33635,34347,35078,35644,36002,35978,34546,35219,35741,35993
Central_African_Rep_,1022,1047,1071,1095,1119,1144,1167,1191,1214,1237,1225,1249,1193,1167,1162,1147,1116,1136,1122,1155,1179,1118,1070,1097,1043,1035,1053,1109,1100,1011,976,965,957,875,909,892,887,845,838,845,851,822,748,728,754,776,703,741,752,764,762,754,739,672,671,675,693,711,711,698,702,707,718
Chad,1128,1153,1179,1203,1229,1256,1282,1308,1336,1361,1349,1343,1390,1345,1286,1264,1215,1197,1166,1219,1216,1212,1104,1026,1141,1306,1256,1134,1101,856,805,795,798,887,896,1083,1011,952,1066,1098,999,1066,1058,1004,1023,996,995,1005,1049,1039,1017,1084,1156,1287,1669,1749,1709,1670,1656,1597,1760,1726,1769
Chile,3714,3776,3940,4162,3954,4023,4005,4316,4445,4091,4322,4419,4519,4695,4694,4632,5045,5107,5189,5283,5295,5665,5494,5094,5052,4325,4399,4757,5071,5409,5749,6004,5096,4868,5071,5091,5291,5547,5851,6359,6479,6877,7596,8001,8501,9082,9620,10118,10310,10106,10435,10665,10779,11083,11650,12262,12846,13380,13653,13401,14038,14735,15404
China,394,432,473,486,490,508,542,560,608,604,583,487,485,520,568,618,657,622,594,628,685,700,703,738,735,767,751,787,861,915,934,978,1044,1107,1229,1338,1406,1530,1611,1615,1647,1732,1877,2036,2214,2521,2546,2653,2636,2784,3012,3310,3696,4229,4551,4909,5502,6249,6817,7409,8143,8858,9502
Colombia,2088,2079,2144,2184,2270,2287,2321,2324,2292,2382,2399,2444,2492,2494,2567,2591,2658,2679,2771,2872,2988,3096,3265,3415,3557,3588,3706,3816,4095,4263,4380,4424,4398,4406,4471,4534,4719,4903,5047,5145,5302,5322,5445,5645,5824,6013,6023,6117,6041,5681,5750,5738,5755,5886,6080,6306,6648,7023,7186,7219,7418,7818,8036
Comoros,1052,1091,1103,1123,1162,1174,1193,1211,1218,1260,1337,1320,1407,1666,1750,1714,1847,1876,1828,1808,1894,2167,1938,1670,1981,1510,1299,1173,1177,1171,1208,1247,1267,1283,1291,1297,1297,1316,1338,1304,1287,1183,1247,1247,1146,1209,1158,1174,1149,1138,1091,1083,1076,1071,1083,1063,1054,1037,1026,1023,1023,1024,1027
Congo__Dem._Rep_,665,729,781,809,841,857,896,906,861,873,873,762,896,915,873,862,897,862,871,925,897,929,905,956,962,889,815,796,728,704,699,696,674,666,683,666,676,673,655,631,596,528,465,396,373,367,362,344,336,317,292,282,287,299,315,330,338,349,360,359,374,388,403
Congo__Rep_,2046,2086,2126,2164,2202,2241,2278,2315,2352,2389,2417,2442,2465,2489,2514,2538,2606,2678,2749,2822,2896,3050,3213,3382,3558,3741,3655,3259,3114,3488,3968,4653,4880,4975,5137,4760,4302,4201,4081,4103,4066,4037,4016,3851,3523,3554,3597,3484,3516,3305,3424,3398,3484,3426,3455,3621,3738,3576,3668,3831,4049,4070,4107
Costa_Rica,2440,2425,2627,2924,2845,3057,2860,2990,3237,3229,3375,3384,3461,3627,3681,3886,4050,4162,4346,4502,4665,4834,5118,5367,5506,5463,5600,5927,6053,6164,6103,5818,5263,5257,5508,5394,5526,5630,5668,5839,5900,5886,6160,6375,6508,6515,6445,6677,7107,7638,7673,7627,7723,8099,8302,8661,9232,9764,9832,9548,10123,10427,10828
Cote_d_Ivoire,1344,1367,1389,1410,1433,1456,1478,1501,1523,1538,1623,1715,1729,1936,2192,2056,2120,2052,2258,2245,2367,2365,2378,2453,2421,2325,2501,2518,2661,2609,2705,2696,2603,2412,2250,2279,2267,2157,2049,1973,1760,1693,1648,1599,1578,1641,1724,1786,1840,1830,1746,1710,1649,1587,1579,1575,1540,1519,1509,1520,1512,1399,1492
Croatia,3340,3427,3119,3538,3687,3871,3751,4338,4479,4983,5248,5430,5478,5990,6502,6613,6902,6960,7048,7774,8086,8939,9164,9391,10508,10416,10637,11305,11826,12531,13058,13211,13222,13261,13522,13560,14045,13823,13568,13338,12318,9654,8448,7700,8100,8637,9177,9876,10226,10230,10583,11070,11628,12081,12491,13232,13891,14607,14918,13898,13616,13659,13389
Cuba,5180,5508,5587,4811,4954,5076,5429,6092,5982,5233,5195,5190,5181,5143,5087,5034,5193,5690,5266,5116,4854,5156,5305,5684,5884,6087,6174,6380,6708,6822,6695,7209,7317,7454,7646,7710,7652,7533,7600,7549,7464,6537,5593,4670,4738,4876,5278,5432,5480,5824,6116,6270,6341,6500,6878,7407,8293,8892,9260,9398,9626,9891,10197
Czech_Rep_,6691,6735,6876,6774,6979,7496,7856,8256,8811,9136,9764,10060,10137,9881,10268,10575,10972,11399,11893,12144,12359,12726,13108,13458,13843,14142,14260,14800,14882,14916,15256,15123,15377,15572,15901,15992,16260,16310,16645,16758,16270,14376,14297,14301,14617,15493,16137,16049,15960,16205,16823,17256,17596,18238,19061,20281,21640,22801,23295,22061,22527,22902,22565
Denmark,8996,8999,9036,9485,9602,9646,9715,10416,10601,11325,11569,12242,12832,12828,13938,14477,14769,15155,15706,16649,16877,17230,18060,18627,18392,18242,19400,19680,19935,20618,20529,20379,21038,21611,22601,23592,24451,24525,24831,24915,25209,25504,25956,25882,27258,27986,28656,29490,30059,30768,31806,31964,32039,32090,32695,33626,34665,35087,34629,32456,32829,33037,32731
Djibouti,2576,2655,2670,2705,2787,2803,2837,2865,2860,2940,3043,3063,3021,3047,3020,3014,3026,3020,3000,2993,3554,3679,3694,3754,3573,3548,3701,3082,2962,2899,2854,2875,2879,2822,3095,3021,2949,2880,2743,2581,2487,2439,2377,2232,2159,2052,1927,1895,1876,1901,1894,1899,1908,1932,1943,1964,2001,2046,2106,2151,2166,2201,2245
Dominican_Rep_,1224,1331,1398,1338,1371,1410,1502,1544,1573,1530,1553,1468,1662,1713,1769,1501,1650,1654,1608,1732,1861,2002,2190,2390,2464,2517,2621,2682,2679,2729,2827,2876,2861,2921,2865,2733,2755,2900,2859,3158,2948,2915,3044,3052,3132,3218,3393,3614,3815,4055,4350,4438,4564,4621,4839,5173,5624,5993,6196,6296,6664,6839,6979
Ecuador,3266,3217,3522,3504,3688,3684,3718,3781,3785,3877,4012,3995,4086,4068,4227,4498,4481,4579,4690,4802,4989,5123,5281,5769,5931,6065,6464,6680,6944,7118,7240,7331,7214,6876,6969,7076,7097,6482,6992,6826,6842,7042,7104,7107,7269,7336,7332,7429,7319,6671,5616,5812,5773,5911,6311,6533,6721,6767,7092,7060,7183,7642,7903
Egypt,1434,1426,1419,1410,1402,1394,1427,1459,1493,1527,1563,1625,1693,1766,1839,1913,1879,1815,1806,1894,1977,2023,2024,2040,2075,2240,2532,2785,2907,3042,3262,3272,3504,3660,3767,3895,3878,3885,3957,3984,3976,3753,3795,3774,3842,3935,4043,4173,4317,4483,4629,4698,4755,4814,4920,5049,5296,5494,5762,5898,6060,6037,6014
El_Salvador,2928,2911,3048,3178,3126,3195,3347,3422,3392,3438,3469,3479,3777,3817,4048,4132,4272,4359,4346,4339,4301,4371,4520,4607,4791,4925,4981,5139,5340,5124,4630,4299,4098,4083,4114,4141,4109,4140,4143,4114,4167,4213,4444,4645,4836,5042,5038,5155,5249,5326,5341,5332,5352,5350,5350,5403,5596,5782,5827,5623,5677,5766,5834
Equatorial_Guinea,355,368,376,386,401,407,418,426,434,452,491,530,583,661,752,845,869,916,936,896,860,780,672,700,742,851,954,959,1034,1013,970,936,928,917,1104,921,936,967,1010,1025,1028,1048,1132,1173,1201,1338,1685,2814,3349,4623,5240,7192,7703,8914,11487,11999,11798,13607,15060,14123,13384,13603,13499
Eritrea,322,325,329,342,336,348,353,344,349,352,363,373,381,423,435,451,459,469,467,474,490,500,514,519,514,503,504,506,492,517,534,531,525,536,514,472,492,521,513,502,477,526,583,659,795,807,866,913,905,878,742,775,765,714,694,685,655,643,562,566,561,591,614
Estonia,3898,3850,4029,4133,4262,4545,4893,4906,5182,5034,5413,5622,5680,5468,6090,6357,6591,6809,7137,7169,7649,7775,7742,8313,8520,8510,8876,9053,9250,9179,9166,9224,9424,9696,9781,9835,10205,10305,10497,10659,10390,9409,8246,7733,7734,8199,8680,9690,10284,10356,11244,12050,13011,13770,15014,16654,18374,19784,18984,16319,16866,18262,18858
Ethiopia,354,358,362,377,370,383,389,379,384,387,399,411,419,466,479,497,505,516,514,522,540,551,566,572,566,553,554,557,542,569,588,585,578,591,566,520,541,574,564,553,525,490,421,462,460,471,513,516,481,497,512,537,530,498,550,591,644,704,766,825,872,917,959
Finland,5846,6283,6425,6393,6874,7142,7278,7545,7524,7908,8563,9151,9372,9612,10042,10541,10754,10922,11123,12201,13162,13420,14359,15235,15615,15725,15611,15605,15886,16948,17797,18051,18533,18921,19388,19959,20368,21141,22111,23290,23181,21582,20647,20295,21006,21650,22402,23724,25004,25915,27172,27826,28205,28650,29651,30469,31684,33226,33162,30188,31053,31762,31552
France,7104,7436,7551,7692,8019,8400,8786,9242,9435,9620,10244,10687,11191,11579,12198,12651,13187,13684,14146,15001,15704,16285,16841,17597,18004,17848,18510,18997,19524,20102,20334,20489,20934,21265,21489,21806,22219,22609,23524,24186,24677,24848,25141,24731,25118,25557,25717,26171,26958,27689,28636,28984,29043,29049,29506,29644,30160,30653,30460,29345,29691,30039,29896
Gabon,4041,4166,4293,4422,4556,4695,4834,4976,5122,5269,5440,6209,6631,6989,7256,7803,8094,8359,8487,9060,9692,10478,11402,12251,16647,19328,25537,21746,16085,15732,15697,16043,15113,15510,16194,15350,14769,11864,12980,13663,13945,14364,13522,13665,13792,14106,14258,14723,14895,13276,12764,12787,12522,12610,12568,12742,12193,12511,12453,11918,12543,13234,13853
Gambia,466,482,485,492,507,510,515,521,521,535,554,626,600,585,605,650,733,735,721,774,675,728,756,766,888,806,871,885,812,914,798,766,836,711,669,592,602,612,652,672,674,663,666,679,679,631,646,654,654,672,687,704,661,684,711,726,713,719,739,766,794,739,748
Georgia,1689,1665,1740,1782,1835,1954,2100,2102,2217,2150,2309,2398,2423,2332,2597,2711,2882,3030,3134,3254,3614,3670,3741,3950,4264,4544,4788,5086,5430,5792,6014,6284,6360,6580,6877,7151,6500,6515,6816,6298,5375,4278,2393,1725,1577,1648,1862,2086,2176,2264,2332,2473,2638,2961,3167,3505,3764,4235,4346,4178,4389,4669,4943
Germany,6090,6600,7144,7697,8233,9097,9693,10188,10572,11262,12091,12479,12902,13159,13844,14415,14731,14746,15480,16383,17009,17382,18016,18778,18930,18895,19904,20513,21115,21959,22148,22203,22032,22485,23198,23758,24275,24639,25359,25984,24996,26127,26505,26119,26721,27146,27336,27789,28292,28843,29727,30061,30036,29953,30261,30496,31720,32837,33157,31569,32887,33896,34132
Ghana,943,953,911,1010,1108,1009,1039,1044,998,1111,1159,1167,1190,1198,1189,1171,1139,1126,1108,1114,1197,1253,1178,1175,1223,1048,990,993,1059,1017,973,960,876,785,807,823,831,847,870,889,894,915,925,942,946,961,985,1005,1030,1052,1068,1088,1112,1144,1182,1225,1268,1316,1391,1411,1486,1657,1728
Greece,3040,3278,3269,3683,3766,4020,4334,4585,4759,4890,5067,5473,5653,6214,6710,7316,7717,8056,8582,9411,10151,10842,12130,12567,12082,12712,13362,13630,14377,14744,14877,14774,14767,14767,15123,15561,15792,15705,16414,16988,16852,17193,17214,16869,17154,17493,17894,18531,19146,19803,20675,21586,22416,23532,24587,25520,26870,27757,27256,26320,24947,23112,21811
Guatemala,2486,2449,2428,2445,2419,2408,2551,2617,2660,2710,2697,2733,2750,2928,2979,3055,3169,3243,3466,3566,3700,3831,4031,4219,4398,4392,4621,4880,5019,5150,5236,5147,4820,4588,4488,4337,4221,4246,4285,4325,4329,4359,4439,4483,4532,4622,4627,4684,4790,4840,4885,4872,4858,4841,4858,4897,5034,5221,5262,5161,5182,5265,5291
Guinea,481,502,510,521,544,553,565,576,584,607,621,651,686,638,667,699,701,709,716,723,734,741,742,759,796,812,873,875,879,863,874,860,857,849,833,808,801,806,832,844,834,797,794,810,815,825,838,869,897,910,907,935,946,934,937,946,950,946,971,945,939,952,966
Haiti,1774,1771,1840,1751,1861,1754,1872,1727,1828,1707,1781,1674,1797,1644,1573,1556,1514,1452,1478,1494,1531,1613,1654,1713,1804,1747,1881,1874,1948,2072,2213,2119,2011,1988,1955,1919,1876,1823,1799,1780,1743,1716,1456,1398,1260,1300,1329,1342,1347,1358,1344,1304,1270,1250,1180,1175,1182,1202,1192,1206,1149,1194,1180
Honduras,2126,2176,2195,2300,2104,2092,2191,2220,2218,2201,2262,2243,2291,2293,2327,2438,2490,2538,2595,2523,2518,2529,2530,2559,2825,2803,2995,3203,3404,3443,3337,3288,3122,2998,3009,3033,2953,3023,3073,3093,3005,2999,3082,3205,3052,3074,3095,3160,3168,3029,3094,3094,3100,3130,3209,3266,3409,3546,3621,3461,3517,3573,3615
Hong_Kong__China,2850,2949,3054,3160,3271,3386,3507,3629,3757,3889,4026,4167,4693,5246,5560,6199,6250,6198,6270,6867,7317,7668,8316,9129,9110,8981,10157,11186,11919,12585,13494,14393,14561,15157,16504,16398,17936,20038,21476,21897,22536,23542,24758,25864,26685,27018,27449,28378,26767,27452,29972,29866,30209,30961,33402,35680,37821,40069,40771,39584,41939,43600,43854
Hungary,4726,5136,5264,5308,5432,5851,5538,6040,6417,6640,6954,7273,7550,7943,8362,8403,8854,9327,9403,9647,9582,9983,10169,10664,10893,11062,11036,11675,11917,11913,12019,12103,12546,12436,12787,12495,12767,12986,13399,13155,12309,10852,10536,10495,10821,11000,11170,11713,12319,12874,13592,14186,14844,15506,16291,17014,17711,17753,17922,16746,16983,17312,17066
Iceland,7750,7469,7268,8211,8801,9459,9489,9244,9790,9769,9890,9724,10350,11222,12134,12795,13701,13320,12441,12659,13533,15129,15798,16670,17376,17297,18179,19655,20650,21454,22435,23121,23270,22500,23216,23822,25108,26923,26435,26317,26373,26333,25144,25031,25942,25840,27027,28061,29257,30043,31092,31831,31163,31937,34279,35630,36364,37839,37922,35089,33316,33929,34371
India,580,583,588,613,626,629,651,631,663,664,696,700,699,717,755,707,698,739,739,771,791,779,758,774,764,812,804,845,870,806,844,877,883,933,947,963,982,1001,1081,1127,1160,1150,1186,1227,1290,1354,1433,1475,1543,1607,1648,1714,1754,1872,1981,2126,2293,2488,2606,2700,2961,3147,3229
Indonesia,704,744,750,771,808,824,805,859,792,817,835,860,849,798,810,803,794,762,827,911,987,1023,1111,1245,1262,1229,1315,1383,1418,1456,1549,1608,1517,1533,1609,1620,1690,1748,1822,1956,2098,2177,2383,2519,2674,2852,3027,3119,2656,2627,2715,2788,2874,2984,3096,3234,3364,3527,3687,3803,3983,4182,4380
Iran,2863,2792,2723,2659,2594,2529,2685,2982,3243,3428,3660,3864,3834,4141,4321,4718,5048,5464,6119,6730,7247,7933,8985,9504,10073,10275,11710,11225,9598,8478,7007,6524,7258,7909,7749,7654,6696,6402,5892,5959,6332,6771,7045,7171,7331,7496,7835,8129,8185,8260,8601,8834,9184,9725,10298,10692,11178,11759,11679,11971,12483,12722,12325
Iraq,3342,3562,3857,5305,6173,5791,6054,5860,6388,6501,7086,7715,7903,7565,8253,8758,8970,8522,9761,9817,9511,9823,9202,10453,10712,12152,14224,14215,16303,19452,18466,14678,14150,12567,12244,11707,11253,11430,8802,7825,7525,2914,3703,3614,3350,2973,3265,3063,3439,3644,3952,4210,4403,3367,3293,3200,3422,3372,3497,3603,3761,3959,4161
Ireland,4939,5070,5210,5360,5427,5608,5575,5599,5535,5777,6125,6449,6632,6897,7132,7226,7267,7656,8253,8710,8868,9089,9531,9823,10074,10466,10446,11151,11801,11968,12217,12468,12618,12502,12953,13312,13253,13873,14640,15563,16905,17121,17559,17928,18869,20582,22145,24522,26127,28497,30828,32335,34077,35191,36304,38058,39176,39960,38164,35697,35257,35604,35856
Israel,3801,4262,4087,3926,4552,4993,5208,5385,5543,6073,6291,6741,7106,7546,7982,8462,8351,8394,9489,10419,10929,11753,12787,13012,13525,13691,13588,13307,13660,14186,14819,15323,15367,15631,15463,15722,16227,17122,17187,17049,17495,17543,18052,18202,19300,20145,20645,20897,21113,21333,22835,22377,21906,22091,22930,23846,24666,25559,26036,25758,26459,27082,27321
Italy,4461,4720,4931,5222,5436,5734,5958,6249,6518,6886,7315,7820,8244,8637,8822,9012,9504,10022,10694,11274,11788,11939,12269,13134,13615,13161,14022,14256,14831,15712,16202,16363,16537,16717,17531,18079,18479,19207,20294,21166,21561,21755,22014,21826,22471,23680,23898,24675,25410,26129,27160,27780,27968,27840,27888,27750,28221,28511,27951,26228,26549,26523,25812
Jamaica,2557,2721,2899,3259,3581,3893,4220,4757,4737,4897,5114,5207,5246,5313,5596,5915,6030,6125,6328,6707,7417,7329,7434,7960,7532,7409,6868,6650,6628,6428,6015,6094,6068,6187,6117,5820,5905,6351,6524,6948,7297,7285,7405,7447,7498,7524,7316,7122,7012,6929,6934,6988,6995,7092,7093,7132,7296,7365,7274,7021,6892,6968,6946
Japan,2645,2927,3217,3407,3555,3815,4059,4318,4528,4893,5489,6094,6577,7061,7804,8170,8957,9848,10992,12218,13375,13824,14779,15743,15345,15619,16067,16610,17328,18124,18488,18938,19384,19699,20340,21109,21588,22376,23661,24705,25870,26649,26825,26818,27038,27509,28385,28817,27905,27810,28560,28569,28605,29074,29742,30290,30784,31427,31080,29365,30732,30593,31274
Jordan,1491,1520,1547,1574,1602,1457,1918,1886,1990,2050,2088,2407,2348,2375,2672,2853,2812,2742,2396,2485,2147,2120,2111,2141,2246,2315,2775,2852,3333,3513,4015,4035,4161,4084,4272,4261,4483,4449,4257,3677,3399,3124,3432,3524,3611,3732,3669,3645,3625,3626,3665,3743,3845,3894,4116,4294,4536,4802,5037,5198,5202,5217,5243
Kazakhstan,3397,3355,3511,3602,3714,3961,4264,4275,4516,4387,4717,4899,4950,4765,5307,5540,5743,5934,6219,6247,6665,6776,6746,7244,7318,7205,7407,7447,7500,7336,7220,7162,7213,7314,7273,7208,7372,7338,7368,7375,7085,6265,5920,5405,4802,4493,4568,4709,4692,4870,5366,6082,6667,7273,7930,8699,9538,10267,10477,10463,11040,11636,11983
Kenya,832,987,854,809,879,918,941,944,927,921,928,878,897,913,970,950,1038,1057,1097,1127,1170,1203,1222,1241,1255,1205,1207,1268,1329,1325,1344,1322,1348,1306,1280,1287,1331,1362,1396,1414,1429,1403,1342,1306,1310,1336,1361,1360,1355,1347,1318,1304,1288,1291,1317,1359,1403,1457,1436,1432,1471,1492,1518
Korea__Dem._Rep_,870,727,777,1004,1059,1109,1097,1158,1193,1209,1200,1229,1234,1313,1396,1452,1597,1684,1866,2115,2262,2938,3002,3332,3373,3373,3373,3373,3373,3373,3373,3373,3373,3373,3373,3373,3373,3373,3373,3373,3373,3373,3061,3018,2300,2000,1809,1691,1693,1706,1690,1667,1647,1628,1612,1597,1571,1544,1585,1563,1549,1540,1540
Korea__Rep_,743,689,736,951,1003,1050,1039,1097,1130,1145,1137,1163,1169,1243,1322,1375,1512,1594,1768,2003,2141,2319,2458,2844,3056,3225,3568,3899,4224,4492,4331,4558,4859,5373,5804,6162,6849,7612,8441,8948,9764,10622,11146,11701,12609,13674,14574,15202,14359,15692,16996,17784,18871,19485,20443,21342,22339,23370,23736,23699,25080,25799,26199
Laos,773,783,792,801,810,818,826,834,842,849,857,865,873,881,890,898,907,916,925,934,943,953,962,972,981,989,1015,1036,1054,1080,1105,1125,1134,1141,1149,1159,1162,1164,1167,1170,1172,1175,1203,1287,1329,1362,1359,1395,1401,1472,1518,1565,1616,1668,1732,1811,1938,2058,2185,2314,2467,2628,2807
Latvia,2513,2481,2595,2661,2742,2923,3145,3152,3328,3231,3473,3607,3644,3508,3907,4079,4111,4444,4597,4652,5471,5846,6095,6395,6651,7050,7351,7489,7636,8001,8278,8578,8728,9127,9597,9502,9893,10064,10513,11044,10218,8960,6152,5949,6170,6192,6488,7143,7605,8029,8649,9396,10094,10880,11888,13218,14836,16401,15987,13329,13467,14519,15575
Lebanon,5318,4659,4835,5435,6092,6427,6129,6090,5103,5405,5417,5637,5715,5623,5815,6230,6478,6007,6583,6555,6827,7048,7486,7461,8310,8239,8415,8660,8922,8462,8533,8169,7641,7583,7767,7991,7664,5377,4897,4901,4849,6627,6891,7324,7844,8272,8510,8755,8921,8755,8810,9110,9314,9598,10207,10212,10341,11209,12017,12930,13658,13685,13712
Lesotho,283,295,299,306,318,323,329,336,343,346,365,364,412,446,472,472,460,499,486,482,481,426,497,612,634,569,648,745,839,766,801,789,797,711,752,759,755,774,852,923,940,956,977,992,967,1068,1149,1186,1137,1153,1187,1221,1275,1311,1370,1415,1482,1550,1625,1699,1801,1900,1970
Liberia,553,572,576,584,602,607,614,621,623,642,645,643,634,632,646,639,739,714,726,757,783,797,803,760,791,655,663,640,648,659,610,606,572,552,531,509,508,506,491,482,557,659,637,626,645,662,658,609,551,530,519,516,531,366,376,383,401,433,438,442,450,473,500
Libya,2084,2270,2388,2375,2314,2845,3386,3448,3706,3902,4903,5238,6757,8862,12161,15128,17346,18773,24314,26444,26914,24604,21011,20260,16512,17096,20472,21951,22312,24379,23661,18559,17364,16643,14874,13503,12367,11771,11617,11477,11070,10229,9640,9056,8810,8738,9051,9467,8998,8967,9140,9540,9535,9954,10305,10804,11264,11723,11787,11483,11842,4550,9136
Lithuania,5404,5336,5585,5729,5907,6300,6782,6800,7183,6978,7503,7793,7874,7579,8442,8812,9136,9439,9893,9937,10603,10778,10732,11523,11747,11671,12107,12283,12483,12321,12238,12250,12449,12739,12782,12784,13194,13252,13427,13561,13148,12374,9744,8190,7406,7804,8183,8765,9413,9260,9632,10272,11009,12120,13049,14085,15275,16864,17445,14938,15408,17693,18470
Macedonia__FYR,2041,2094,1906,2162,2253,2365,2292,2651,2737,3045,3207,3318,3347,3660,3973,4041,4218,4253,4306,4750,4941,5462,5599,5738,6421,6364,6499,6908,7226,7657,7979,8072,8079,8103,8262,8286,8582,8446,8290,8150,7527,7498,6964,6410,6267,6167,6208,6266,6447,6698,6976,6637,6676,6848,7113,7393,7749,8206,8602,8506,8733,8963,8919
Madagascar,1384,1414,1443,1472,1501,1531,1560,1589,1619,1647,1638,1639,1643,1595,1624,1583,1582,1634,1708,1734,1784,1813,1749,1664,1658,1639,1547,1544,1465,1566,1536,1365,1303,1277,1196,1189,1163,1155,1140,1153,1163,1059,1041,1032,1002,989,980,986,994,1010,1027,1056,895,953,974,988,1010,1044,1089,1017,995,988,981
Malawi,352,361,369,377,386,385,409,416,422,427,429,440,428,409,390,432,463,496,477,494,489,545,585,616,639,644,650,663,704,716,700,646,633,640,649,679,657,636,611,606,603,630,563,608,555,653,685,692,696,706,714,668,665,675,692,691,686,730,769,815,844,856,848
Malaysia,1940,1792,1831,1792,1855,1817,1873,1810,1758,1826,1904,1981,2037,2077,2150,2245,2298,2278,2417,2496,2587,2713,2849,3186,3345,3296,3622,3828,4070,4301,4551,4758,4920,5097,5360,5173,5108,5250,5578,5961,6386,6838,7278,7815,8343,8962,9645,10133,9192,9554,10161,9995,10207,10598,11120,11466,11946,12533,12970,12527,13185,13676,14202
Mali,438,445,452,460,467,475,482,490,498,507,511,504,496,519,532,528,539,545,553,538,559,566,581,554,528,588,652,686,659,806,701,667,618,635,651,655,684,684,671,725,716,696,739,707,710,743,758,790,810,844,855,935,951,995,993,1027,1048,1060,1078,1093,1122,1117,1071
Mauritania,703,723,743,763,783,804,825,846,866,888,946,1094,1056,978,1253,1407,1394,1421,1524,1477,1604,1593,1587,1463,1585,1458,1546,1497,1462,1499,1525,1548,1481,1517,1373,1376,1416,1422,1435,1449,1393,1390,1361,1380,1397,1422,1471,1483,1495,1511,1541,1562,1579,1619,1655,1691,1835,1806,1823,1757,1802,1828,1898
Mauritius,1938,1977,1968,1969,2013,2013,2019,2034,2031,2090,2161,2583,2529,2825,2555,2570,2419,2475,2263,2339,2292,2372,2575,2864,3129,3089,3542,3711,3785,3847,3399,3542,3688,3665,3800,4026,4386,4784,5062,5234,5548,5842,6058,6398,6617,6784,7069,7426,7804,8150,8291,8802,9022,9565,9932,10155,10533,11045,11618,11884,12317,12733,13083
Mexico,3294,3447,3478,3381,3615,3811,3954,4132,4224,4220,4433,4512,4582,4804,5214,5385,5585,5755,6037,6222,6451,6487,6809,7130,7322,7519,7631,7675,8157,8735,9320,9890,9611,9063,9177,9185,8713,8688,8628,8815,9103,9316,9472,9482,9734,8955,9275,9767,10109,10359,10895,10763,10742,10778,11119,11317,11740,11924,11871,10980,11391,11689,12030
Moldova,2022,1995,2086,2137,2201,2345,2522,2526,2666,2587,2779,2886,2916,2807,3126,3264,3383,3495,3664,3680,3927,3991,3974,4268,4352,4326,4489,4557,4633,4574,4545,4552,4627,4737,4756,4758,4913,4936,5004,5056,4904,4018,2840,2799,1932,1907,1798,1830,1714,1657,1692,1795,1934,2053,2202,2362,2482,2563,2769,2607,2795,2988,2964
Mongolia,741,762,787,809,835,859,885,913,939,968,997,1026,1056,1089,1122,1155,1189,1226,1263,1300,1340,1381,1422,1464,1508,1553,1598,1648,1697,1748,1800,1897,2001,2059,2122,2182,2322,2338,2391,2389,2269,2012,1785,1706,1724,1814,1841,1902,1958,2009,2018,2062,2141,2270,2487,2643,2835,3082,3300,3198,3346,3887,4300
Montenegro,2835,2909,2648,3003,3129,3285,3184,3682,3802,4229,4455,4609,4650,5084,5519,5613,5859,5908,5982,6599,6863,7588,7778,7971,8919,8841,9029,9596,10038,10636,11083,11213,11223,11256,11478,11510,11921,11733,11516,11321,10456,9246,7003,4393,4398,4947,6194,6466,6637,6013,6186,6312,6557,6892,7375,7833,8493,9200,9810,9212,9396,10095,10064
Morocco,1683,1686,1688,1698,1707,1715,1678,1642,1606,1571,1537,1551,1566,1581,1597,1612,1661,1711,1763,1815,1869,1925,1930,1959,2025,2117,2304,2371,2393,2454,2628,2509,2703,2617,2655,2749,2890,2755,2964,2960,3002,3138,2948,2857,3090,2829,3112,2982,3157,3097,3073,3211,3258,3400,3519,3547,3780,3841,4011,4157,4263,4429,4515
Mozambique,451,460,469,477,480,501,494,496,509,526,528,532,557,525,537,537,542,567,616,673,693,722,725,745,670,558,515,502,491,483,485,484,462,423,407,366,369,390,424,443,443,455,411,430,429,420,436,472,519,546,543,601,634,672,710,743,792,833,872,909,954,1004,1058
Myanmar,447,504,507,513,474,527,553,576,551,626,636,641,685,692,692,696,655,661,691,707,724,734,725,709,732,749,781,813,854,879,935,970,1004,1027,1057,1067,1037,979,855,874,887,870,892,904,920,934,947,959,972,999,1034,1065,1098,1138,1175,1169,1296,1423,1445,1489,1538,1590,1657
Namibia,2389,2406,2424,2458,2535,2556,2587,2621,2628,2711,2893,2852,3173,3403,3855,4010,4058,3794,3727,3756,3674,3666,3746,3762,3788,3688,3748,3876,4046,4096,4167,4231,4191,3957,3790,3696,3699,3694,3624,3719,3472,3569,3805,3627,3769,3823,3837,3900,3939,3990,4023,4023,4072,4170,4400,4547,4783,4951,5026,4881,5160,5365,5536
Nepal,524,533,546,573,579,584,604,598,625,635,641,647,652,657,661,666,700,676,668,685,690,668,675,657,683,677,690,694,707,706,672,655,718,680,727,753,765,776,816,814,853,884,898,909,959,969,995,1011,1005,1014,1055,1085,1057,1065,1079,1081,1078,1093,1139,1169,1204,1229,1264
Netherlands,7408,7499,7564,8144,8639,9171,9495,9691,9483,9823,10621,10822,11167,11421,12288,12809,13041,13627,14442,15305,16036,16603,16936,17681,18325,18255,18992,19415,19842,20126,20372,20194,19901,20248,20861,21393,22008,22345,23033,23983,24902,25383,25714,25959,26648,27424,28345,29492,30566,31895,33000,33483,33407,33455,34182,34724,35845,37169,37692,36125,36526,36716,36257
New_Zealand,11449,10363,10557,10637,11839,11815,12187,12247,12438,13040,12816,13195,13176,13719,14107,14730,15385,14464,14279,15587,15151,15675,16046,16823,17439,16910,17126,16234,16295,16633,16718,17445,17632,17920,18613,18648,18980,19007,18875,18984,18834,18381,18363,19337,20116,20661,21064,21050,20876,21689,21895,22427,23190,23728,24339,24554,24998,25606,25161,24468,24607,24757,25224
Nicaragua,2647,2742,3112,3092,3280,3393,3289,3457,3362,3307,3248,3383,3634,3902,4222,4479,4482,4643,4559,4710,4606,4678,4689,4786,5300,5125,5219,5486,4950,3524,3529,3595,3470,3551,3398,3186,3051,2956,2560,2457,2355,2234,2170,2098,2119,2154,2197,2253,2292,2679,2491,2511,2475,2485,2560,2611,2714,2829,2904,2805,2872,2991,3098
Niger,732,747,762,776,791,806,821,836,850,865,903,921,998,1074,1054,1109,1072,1054,1040,987,996,1029,954,774,823,782,769,809,896,936,957,945,910,870,705,699,712,668,687,670,641,639,581,573,579,577,580,580,623,602,577,601,601,610,588,613,626,608,644,616,661,655,707
Nigeria,974,1026,1077,1080,1132,1135,1083,1101,1063,1083,1105,1115,1151,1229,1251,1304,1231,1015,979,1210,1542,1680,1698,1796,1948,1833,1972,1982,1807,1870,1843,1641,1577,1448,1359,1440,1434,1385,1481,1535,1571,1621,1620,1612,1561,1561,1619,1625,1614,1590,1619,1630,1615,1746,1807,1892,1956,2036,2100,2186,2297,2400,2484
Norway,8490,8884,9126,9413,9809,9948,10400,10636,10562,10936,11481,12127,12393,12794,13355,13982,14421,15220,15456,16050,16289,17044,17810,18501,19194,20125,21246,22101,22828,23815,24961,25164,25172,26036,27549,28950,29947,30478,30359,30581,31162,32200,33135,33900,35547,36975,38795,40659,41358,42008,43174,43888,44429,44767,46387,47551,48222,48979,48322,47117,46596,46608,47384
Oman,1682,1753,1828,1907,1986,2068,2156,2243,2338,2430,2523,2491,2925,2976,2903,2843,2914,4721,8349,10208,10252,10029,10618,8849,9558,11516,12407,11848,11027,10914,10989,12207,12955,14429,16128,17664,17386,18115,18003,18103,17486,17828,18617,19022,19083,19326,19208,19702,19546,18843,19204,19945,19775,19498,19871,20334,21039,21991,24359,24304,29372,25829,26293
Pakistan,739,698,685,733,732,730,734,747,739,728,744,769,803,831,871,886,933,942,982,1018,1094,1070,1050,1096,1106,1124,1156,1176,1241,1250,1334,1388,1443,1497,1519,1609,1661,1705,1761,1794,1826,1875,1972,1967,1991,2038,2081,2049,2050,2073,2086,2069,2093,2153,2270,2396,2489,2612,2661,2591,2615,2639,2681
Panama,2500,2416,2480,2570,2600,2682,2751,2962,2924,3029,3120,3358,3537,3760,3810,4026,4201,4421,4608,4827,4976,5234,5364,5546,5522,5478,5437,5352,5773,5895,6643,6778,7010,6917,6747,6921,7004,7035,5822,5686,5834,6236,6619,6840,6922,6920,6952,7114,7256,7355,7406,7317,7356,7551,7986,8399,8960,9868,10674,10890,11495,12516,13607
Paraguay,2054,2039,1952,1956,1938,1975,2006,2046,2107,2049,2016,2059,2148,2151,2187,2254,2220,2299,2319,2346,2427,2465,2523,2642,2780,2878,3001,3248,3526,3830,4283,4535,4259,4015,4024,4065,3944,3999,4137,4254,4261,4245,4196,4243,4249,4318,4255,4247,4117,4029,3907,3885,3784,3828,3886,3900,4007,4142,4319,4066,4508,4612,4467
Peru,3487,3665,3759,3896,3903,4084,4157,4245,4145,4053,4486,4748,4957,5038,5236,5431,5724,5788,5569,5555,5824,5917,5938,6079,6224,6537,6453,6281,6118,6317,6441,6561,6435,5453,5578,5563,5988,6361,5715,4911,4564,4581,4446,4603,5123,5454,5474,5838,5745,5705,5791,5715,5909,6055,6161,6466,6860,7318,7913,7859,8420,8865,9278
Philippines,1149,1235,1273,1346,1404,1457,1513,1548,1554,1611,1585,1623,1650,1712,1718,1753,1775,1814,1848,1878,1894,1940,1989,2108,2124,2183,2310,2373,2428,2494,2550,2574,2603,2593,2348,2126,2148,2190,2285,2372,2387,2320,2279,2279,2329,2384,2465,2537,2470,2503,2599,2591,2651,2727,2847,2932,3025,3162,3228,3247,3435,3508,3677
Poland,3911,4012,4029,4183,4339,4465,4577,4734,4885,4948,5138,5476,5339,5597,5788,6052,6379,6557,6900,6778,7076,7523,8007,8534,8951,9282,9422,9508,9766,9496,9173,8607,8452,8786,9030,9046,9264,9082,9252,9084,8172,7572,7739,8008,8414,8987,9519,10160,10716,11209,11681,11826,12002,12473,13146,13573,14425,15416,16211,16466,17090,17660,17852
Portugal,2962,3077,3068,3262,3398,3513,3640,3775,3794,3966,4196,4428,4728,4974,5279,5668,5911,6362,6918,7079,7769,8334,9022,10027,10005,9252,9674,10172,10420,10978,11420,11519,11754,11718,11483,11791,12267,13039,14008,14724,15369,16047,16207,15812,15869,16487,17027,17641,18369,18960,19610,19905,19971,19728,19942,20006,20218,20639,20601,19984,20351,20159,19576
Romania,2788,2962,3145,3329,3529,3722,3829,3943,4066,4206,4349,4602,4735,5040,5327,5629,6234,6471,6461,6661,6730,7598,8011,8201,8579,8873,9239,9356,9584,9785,9755,9640,9605,9498,9855,9810,9943,9696,9637,9296,8282,7226,6598,6706,6976,7487,7801,7347,7008,6935,7090,7502,7885,8281,8994,9374,10128,10780,11591,10845,10739,11003,11058
Russia,5013,4950,5181,5315,5480,5844,6292,6308,6663,6473,6960,7229,7304,7031,7831,8174,8475,8755,9177,9218,9835,9998,9955,10689,10919,10871,11301,11489,11700,11572,11517,11553,11765,12064,12130,12156,12572,12654,12848,13003,12633,11975,10232,9342,8153,7816,7544,7662,7268,7758,8571,9053,9532,10288,11091,11861,12882,14020,14756,13615,14208,14869,15428
Rwanda,470,488,493,502,520,525,533,540,543,561,564,537,597,525,452,472,491,511,532,573,616,606,591,591,602,693,659,670,711,754,819,844,882,903,841,856,880,848,794,786,761,709,737,661,382,581,623,590,644,678,704,735,786,774,786,813,872,902,1001,1042,1094,1160,1224
Sao_Tome_and_Principe,884,881,880,880,916,823,868,861,943,844,934,1005,1072,1136,1198,1255,1328,1385,1440,1496,1551,1597,1533,1460,1460,1531,1612,1738,1796,1948,2164,1530,1890,1688,1514,1601,1584,1517,1508,1499,1497,1459,1429,1407,1400,1383,1365,1339,1327,1321,1321,1332,1353,1396,1436,1460,1620,1627,1747,1787,1835,1890,1928
Saudi_Arabia,5834,6209,6460,6968,7616,7642,8042,8158,8381,9044,9727,10635,11626,12333,13089,14304,15959,16903,17911,18752,19939,22167,24837,28873,32255,30828,31661,34168,33789,33589,34568,35101,33693,28412,26816,23663,21161,21198,20995,20934,23521,25114,24842,23174,22011,21163,20772,20587,20354,19635,20002,19529,19015,19945,20482,21220,21668,22212,23294,22943,23841,25127,26260
Senegal,1401,1426,1450,1474,1498,1522,1545,1568,1590,1612,1608,1641,1655,1677,1669,1681,1678,1612,1668,1515,1597,1547,1598,1464,1480,1554,1655,1562,1454,1509,1414,1360,1518,1509,1396,1405,1428,1442,1470,1403,1423,1377,1368,1301,1303,1333,1362,1392,1433,1467,1511,1542,1520,1580,1631,1676,1671,1707,1723,1714,1741,1739,1753
Serbia,3835,3934,3581,4062,4233,4444,4307,4981,5143,5721,6026,6235,6290,6877,7466,7593,7925,7992,8092,8926,9284,10264,10522,10782,12065,11959,12213,12981,13578,14388,14993,15168,15181,15226,15526,15570,16126,15871,15579,15314,14144,12991,9325,6479,6639,7012,7344,7914,8133,6302,6607,6940,7236,7436,8082,8609,8954,9476,9878,9571,9438,9503,9336
Seychelles,4584,4839,4913,4996,5211,5188,5136,5240,5273,5403,5673,5216,5527,5893,5965,5836,5836,5708,6045,5886,6161,6975,7222,7728,7679,7793,8406,8847,9313,10692,10247,9381,9094,8858,9106,9867,9978,10392,10747,11282,11947,12142,12849,13559,13128,13084,14287,15916,16738,16159,15230,14825,14934,14001,13523,14202,15217,16668,15995,15907,16342,16965,17237
Sierra_Leone,829,865,880,901,940,959,982,1004,1019,1062,1081,1084,1117,1119,1115,1177,1233,1206,1304,1400,1426,1391,1354,1373,1406,1422,1354,1348,1327,1376,1413,1470,1465,1414,1403,1334,1258,1294,1298,1296,1297,1162,1069,1082,1094,969,719,575,558,510,518,579,699,724,754,790,799,839,861,867,890,919,1073
Singapore,3533,3331,2315,2763,3166,2913,3204,2843,2849,3203,3426,3783,3675,3908,3827,4181,4527,4977,5567,6236,6994,7705,8598,9392,9803,9966,10537,11210,12025,13005,14104,14781,15169,16266,17312,17037,17417,18862,20543,21986,23143,23984,24770,27040,29303,30793,31935,33519,31918,33981,36835,34911,36023,37024,39797,41479,43218,44674,44104,42989,48325,49587,49382
Slovak_Republic,4938,4970,5075,4999,5151,5532,5797,6093,6503,6742,7206,7424,7481,7292,7578,7804,8097,8413,8777,8963,9121,9392,9674,9932,10216,10437,10524,10923,10983,11009,11259,11161,11349,11492,11735,11802,12000,12037,12284,12367,12008,10216,9498,9637,10196,10760,11483,12126,12564,12601,12690,13099,13639,14208,14978,15881,17175,18970,20044,19007,19795,20382,20781
Slovenia,4514,4631,4215,4781,4982,5231,5069,5862,6053,6733,7092,7338,7402,8094,8786,8936,9327,9405,9523,10505,10926,12080,12383,12690,14200,14075,14374,15277,15980,16933,17645,17852,17867,17919,18273,18324,18979,18679,18335,18023,16646,15101,14215,14560,15280,15857,16393,17161,17748,18663,19400,19967,20660,21203,22113,23004,24280,25879,26756,24390,24516,24624,23987
Somalia,1079,1121,1136,1157,1201,1216,1237,1258,1267,1314,1304,1339,1369,1393,1216,1111,1242,1285,1278,1094,1163,1166,1255,1201,934,1227,1192,1451,1419,1206,1059,1137,1177,1038,1038,1080,1076,1093,1089,1112,1106,1030,927,933,943,953,956,931,902,892,882,869,882,896,914,933,934,938,942,946,948,950,953
South_Africa,4575,4690,4725,4828,5066,5199,5370,5487,5510,5631,5546,5582,5769,6045,6380,6625,6774,7114,7257,7441,7669,7818,7766,7943,8249,8206,8211,8029,8100,8227,8577,8826,8568,8188,8390,8068,7859,7826,7966,7976,7787,7545,7225,7160,7237,7304,7454,7479,7340,7334,7454,7521,7711,7864,8155,8477,8857,9161,9386,9139,9322,9530,9657
South_Sudan,1560,1591,1624,1655,1689,1723,1854,1780,1803,1963,1945,1893,1970,1862,1794,1870,1799,1697,1753,1812,1688,1754,1668,1482,1582,1729,1984,2214,2105,1818,1770,1749,1905,1821,1669,1504,1517,1516,1502,1583,1413,1466,1500,1503,1491,1496,1532,1641,1689,1767,1884,1943,2004,2088,2137,2261,2425,2636,2650,2660,2709,3198,1433
Spain,3280,3576,3834,3788,4040,4164,4463,4565,4720,4571,4603,5149,5694,6221,6766,7137,7582,7994,8374,9039,9470,9918,10639,11481,12212,12507,12887,13237,13522,13589,13791,13765,13926,14203,14343,14569,14983,15765,16553,17356,18065,18473,18603,18375,18783,19272,19710,20445,21334,22286,23410,24222,24835,25564,26357,27270,27950,28403,28204,26950,26780,26861,26458
Sri_Lanka,1033,1067,1084,1072,1071,1105,1084,1073,1076,1063,1072,1065,1074,1070,1094,1102,1065,1136,1192,1213,1245,1211,1213,1241,1262,1271,1287,1349,1408,1471,1525,1595,1648,1709,1771,1822,1886,1877,1899,1922,2019,2088,2154,2272,2366,2465,2530,2664,2762,2854,2998,2926,3015,3167,3310,3481,3719,3941,4143,4256,4561,4904,5183
Sudan,1552,1582,1616,1647,1680,1714,1845,1770,1794,1952,1935,1883,1960,1852,1785,1861,1790,1688,1744,1803,1679,1745,1660,1474,1574,1720,1974,2203,2094,1808,1761,1740,1896,1812,1661,1496,1509,1508,1494,1574,1405,1459,1492,1495,1484,1488,1524,1632,1681,1758,1874,1933,1993,2078,2126,2249,2387,2525,2535,2599,2597,3131,2918
Swaziland,1102,1139,1148,1165,1203,1212,1228,1245,1248,1288,1429,1571,1856,1914,2139,2410,2449,2613,2428,2465,3112,3080,3365,3451,3735,3764,3779,3781,3764,3702,3665,3793,3895,3783,3726,3818,3813,3985,3713,3788,3723,3646,3553,3561,3661,3772,3821,3877,3920,3990,4021,4047,4128,4207,4286,4384,4460,5023,5121,5125,5163,5116,4980
Sweden,9628,9547,9731,9791,10321,10536,10896,11137,11186,11627,12014,12721,13194,13676,14622,15172,15225,15600,16137,16733,17422,17592,17611,18333,19759,19993,20006,19360,19524,20340,20477,20359,20795,21085,21929,22168,22896,23479,24028,24464,24253,23258,23246,22699,23496,24566,24899,25524,26314,27300,28640,28907,29449,29970,31141,31995,33211,34092,33563,31605,33317,34327,34530
Switzerland,13868,14817,14734,15056,15739,16626,17502,17909,17284,18161,19059,20041,20431,20977,21712,22191,22533,22966,23522,24528,25863,26593,27195,27852,28174,26353,26271,26982,27023,27617,28732,29003,28398,28397,29128,29968,30273,30282,30972,32031,32876,32208,31872,31516,31600,31531,31590,32135,33040,33350,34387,34569,34481,34183,34864,35520,36635,37791,38181,36519,37220,37537,37678
Syria,1600,1498,1835,2022,2254,1975,2270,2337,1950,1956,1923,2006,2393,2306,2273,2185,1945,2030,2030,2324,2155,2278,2742,2414,2884,3318,3544,3369,3526,3518,3793,3999,3920,3818,3518,3587,3277,3211,3500,3071,3181,3283,3402,3647,3808,3918,4066,4042,4218,3965,3935,3960,4072,3999,3995,4059,4161,4290,4374,4520,4610,4520,4432
Taiwan,1304,1359,1468,1550,1638,1708,1737,1801,1859,1932,1984,2048,2137,2265,2465,2664,2821,3043,3244,3453,3757,4141,4590,5072,5025,5160,5754,6207,6909,7328,7672,7980,8086,8594,9353,9662,10624,11815,12588,13457,14123,14990,15965,16852,17866,18791,19754,20813,21493,22478,23525,22768,23495,24056,25332,26069,27359,28892,29004,28377,31373,32560,32841
Tajikistan,2195,2166,2265,2322,2392,2549,2742,2747,2899,2814,3024,3140,3173,3054,3402,3551,3681,3803,3987,4005,4273,4343,4325,4644,4610,4460,4506,4452,4407,4236,4097,3994,3953,3939,3849,3749,3768,3686,3637,3577,3378,3007,1992,1644,1274,1098,899,898,929,944,1002,1081,1158,1250,1353,1413,1481,1563,1650,1679,1768,1854,1952
Tanzania,654,719,717,674,711,710,700,699,686,700,709,681,722,745,763,767,840,848,866,855,878,887,916,915,907,927,964,962,961,945,925,889,874,845,841,815,817,832,841,844,851,845,826,809,791,794,814,789,798,806,826,858,899,930,972,1018,1057,1101,1149,1183,1229,1270,1330
Thailand,712,740,758,815,783,824,811,794,797,865,940,959,1002,1051,1089,1140,1231,1295,1361,1427,1477,1504,1524,1634,1665,1708,1823,1961,2111,2176,2227,2314,2393,2483,2582,2659,2764,2983,3330,3684,4040,4328,4617,4940,5317,5735,6001,5853,5184,5366,5578,5656,5913,6273,6620,6869,7172,7508,7652,7458,7996,7978,8451
Togo,832,846,860,873,886,900,913,926,938,951,1011,1055,1068,1092,1219,1350,1437,1478,1512,1632,1559,1632,1650,1547,1575,1530,1488,1533,1650,1707,1590,1447,1345,1228,1221,1234,1228,1202,1212,1213,1160,1114,1034,870,1015,1026,1074,982,933,933,890,872,886,907,903,888,901,899,898,910,925,949,975
Trinidad_and_Tobago,2819,2988,3023,3034,3003,3311,3881,4100,4303,4406,4796,4888,4998,5154,5218,5394,5550,5621,5895,6059,6325,6346,6620,6663,6946,6995,7555,7900,8684,8938,9498,9815,9120,8280,8648,8180,7818,7389,7060,6991,7114,7399,7371,7340,7706,8071,8450,8793,9270,9952,10497,11021,11461,13030,13979,15352,17334,18085,18621,17782,17717,17186,17182
Tunisia,1342,1332,1468,1497,1504,1401,1473,1395,1555,1465,1616,1728,1660,1873,1913,1990,1991,1932,2089,2119,2199,2386,2753,2674,2821,2945,3093,3121,3251,3385,3544,3647,3560,3659,3693,3806,3657,3810,3733,3795,4017,4095,4333,4348,4410,4445,4691,4877,5047,5292,5480,5687,5723,5981,6275,6461,6760,7115,7361,7510,7665,7427,7620
Turkey,1995,2186,2376,2564,2415,2527,2523,2631,2655,2681,2666,2626,2706,2880,2920,2918,3176,3234,3363,3449,3524,3744,3879,3938,4138,4381,4636,4715,4730,4578,4437,4503,4602,4645,4785,4901,5113,5425,5503,5438,5808,5733,5946,6290,5827,6125,6432,6791,6877,6443,6803,6193,6578,6856,7357,7786,8223,8507,8457,7942,8556,9165,9287
Turkmenistan,3203,3162,3310,3395,3501,3734,4020,4030,4257,4135,4447,4619,4666,4492,5003,5223,5414,5594,5863,5889,6284,6387,6360,6829,6793,6585,6666,6598,6543,6301,6107,5965,5914,5905,5782,5642,5682,5568,5505,5425,5132,4770,3962,3934,3185,2895,3029,2631,2764,3160,3290,3361,3359,3523,3968,4247,4639,5070,5726,5982,6427,7253,7921
Uganda,760,710,735,747,717,743,763,774,758,774,789,759,767,831,868,862,889,909,905,975,961,964,951,927,908,868,852,844,777,676,639,648,682,712,631,622,603,618,637,658,661,646,644,674,693,755,799,817,831,866,881,897,928,938,960,991,1050,1104,1151,1193,1219,1260,1251
Ukraine,3112,3073,3217,3300,3402,3629,3906,3917,4137,4019,4321,4488,4535,4365,4862,5075,5262,5436,5698,5723,6106,6207,6181,6637,6794,6777,7060,7192,7340,7274,7255,7292,7441,7646,7704,7737,8018,8087,8227,8344,8123,7401,6650,5704,4419,3910,3549,3472,3436,3460,3700,4082,4335,4781,5400,5583,6041,6540,6730,5763,6022,6360,6390
United_Kingdom,9767,10025,9980,10339,10723,11074,11159,11283,11211,11597,12167,12465,12477,12877,13466,13724,13913,14143,14651,14850,15154,15399,15895,16924,16690,16674,17051,17429,18054,18532,18200,17941,18232,18866,19310,19935,20748,21665,22673,23101,23124,22740,22705,23170,24119,24716,25329,26075,26773,27468,28645,28978,29479,30204,31098,31580,32215,33165,32624,31127,31448,31497,31295
United_States,15856,16751,17039,17471,16979,17822,17783,17749,17217,18084,18175,18227,18978,19461,20244,21210,22263,22496,23268,23669,23346,23745,24654,25742,25282,24890,25882,26715,27814,28279,27838,28160,27243,28120,29785,30636,31297,31954,32861,33587,33710,33077,33590,33915,34731,35053,35807,36848,37812,38913,39758,39474,39536,40044,40956,41674,42379,42764,42227,40577,41231,41678,42296
Uruguay,5374,5715,5717,5927,6218,6172,6182,6151,6231,5605,5721,5809,5603,5559,5603,5605,5737,5445,5475,5756,5979,5917,5703,5737,5909,6253,6469,6504,6809,7190,7586,7691,6920,6475,6366,6420,6947,7452,7407,7453,7466,7629,8137,8332,8728,8495,8857,9230,9590,9267,9092,8732,7727,7854,8735,9266,9620,10221,10921,11148,12098,12742,13179
Uzbekistan,1156,1138,1188,1215,1249,1329,1426,1426,1502,1455,1560,1620,1637,1576,1755,1832,1899,1962,2057,2066,2204,2241,2231,2396,2397,2338,2381,2371,2365,2291,2234,2195,2190,2199,2166,2127,2155,2124,2113,2095,1993,1935,1683,1611,1500,1461,1462,1513,1555,1598,1635,1682,1724,1771,1877,1975,2095,2260,2429,2584,2754,2921,3117
Venezuela,7375,7512,7690,7730,8115,8388,8993,9802,9065,9032,8714,8309,8423,8357,9244,9425,9260,9541,9904,9898,10326,10429,10505,10972,11420,11864,12689,13144,13043,12807,12125,11729,11152,10043,9501,9269,9412,9884,10351,9427,9701,10243,10734,10535,9912,9935,9726,10165,10015,9245,9434,9605,8605,7811,9121,9876,10707,11453,11862,11299,10957,11241,11685
West_Bank_and_Gaza,1405,1461,1516,1571,1633,1694,1758,1827,1895,1966,2040,2119,2199,2283,2368,2457,2552,2650,2751,2841,2931,3030,3133,3234,3340,3449,3565,3683,3806,3932,4063,4200,4336,4483,4631,4784,4945,5107,5276,5453,5635,5822,6018,6219,6431,6648,6876,7111,7477,7865,7586,5853,4515,3794,3664,3542,3282,3374,3521,3682,3935,4206,4328
Vietnam,574,590,605,621,638,654,666,676,685,690,697,708,772,770,781,765,749,637,610,645,641,658,700,729,683,619,706,714,703,693,660,669,707,730,777,805,810,821,851,869,894,927,989,1049,1122,1208,1300,1386,1446,1496,1578,1667,1764,1872,1997,2142,2289,2454,2578,2683,2831,2962,3074
Yemen__Rep_,771,777,782,787,792,797,801,805,808,812,816,821,826,833,837,843,853,862,870,881,1041,1197,1265,1388,1436,1510,1695,1830,1931,1982,1939,2000,1978,2032,2050,1974,1956,1972,1990,1992,1923,1859,1879,1862,1835,1971,2023,2117,2150,2159,2217,2225,2235,2240,2251,2276,2278,2283,2296,2313,2419,2102,2044
Zambia,1061,1104,1147,1193,1239,1181,1289,1312,1246,1468,1541,1506,1453,1448,1599,1842,1695,1777,1753,1695,1722,1673,1773,1704,1789,1671,1719,1589,1553,1461,1462,1503,1409,1329,1279,1259,1224,1213,1250,1226,1300,1265,1211,1261,1068,1018,1061,1071,1027,1026,1036,1060,1072,1105,1141,1175,1219,1263,1303,1353,1420,1481,1551
Zimbabwe,394,405,407,427,434,454,501,519,509,520,527,537,527,506,535,552,543,570,561,610,720,760,799,804,802,787,762,686,692,680,728,790,789,772,728,750,742,706,744,768,762,782,693,687,720,717,781,792,806,793,746,720,672,598,572,538,520,500,408,441,480,526,545
