5,5.003,5.011,5.025,5.044,5,5.251,5.501,5.751,6.001,5,5.028,5.059,5.092,5.129
5.216,5.506,5.907,6.412,7.079,7.256,8.541,9.875,11.273,12.891,5.357,5.672,6.093,6.642,7.427
7.865,8.763,9.767,11.151,12.64,14.595,16.368,18.171,20.383,22.343,8.448,9.757,11.407,14.035,17.376
14.166,15.622,16.635,17.443,17.972,23.785,24.397,24.086,22.952,20.975,21.436,26.095,30.027,33.943,37.581
18.164,17.98,17.411,16.48,15.246,18.231,14.901,11.279,7.655,4.27,40.686,43.02,44.457,44.982,44.677
13.791,12.195,10.537,8.886,7.237,1.32,-1.1,-2.965,-4.325,-5.296,43.723,42.321,40.654,38.893,37.101
5.692,4.276,3.001,1.31,-0.07,-5.907,-6.248,-6.403,-6.428,-6.324,35.401,33.833,32.411,30.485,28.846
-1.182,-2.074,-2.928,-3.614,-4.182,-6.198,-6.116,-6.115,-6.241,-6.503,27.44,26.224,24.979,23.923,23.045
-4.698,-5.134,-5.578,-6.04,-6.533,-6.901,-7.335,-7.855,-8.453,-9.115,22.331,21.856,21.516,21.325,21.294
-7.171,-7.857,-8.577,-9.31,-10.203,-9.963,-10.836,-11.671,-12.387,-12.987,21.489,21.969,22.754,23.839,25.591
-10.945,-11.418,-11.536,-11.339,-10.898,-13.051,-12.463,-11.266,-9.985,-8.598,27.588,29.561,31.219,32.119,32.541
-10.255,-9.48,-8.589,-7.715,-6.924,-7.26,-6.09,-5.106,-4.436,-4.074,32.481,31.997,31.135,30.032,28.789
-6.26,-5.757,-5.395,-5.174,-5.087,-3.959,-4.02,-4.229,-4.562,-5.002,27.516,26.321,25.18,24.119,23.158
-5.141,-5.352,-5.719,-6.229,-6.869,-5.625,-6.376,-7.254,-8.256,-9.368,22.211,21.45,20.915,20.655,20.723
-7.637,-8.507,-9.427,-10.181,-10.858,-10.542,-11.688,-12.672,-13.248,-13.475,21.188,22.106,23.49,24.976,26.678
-11.393,-11.722,-11.794,-11.586,-11.111,-13.266,-12.594,-11.49,-10.108,-8.623,28.464,30.163,31.578,32.555,33.013
-10.421,-9.544,-8.6,-7.677,-6.84,-7.175,-5.836,-4.803,-4.107,-3.719,32.948,32.402,31.477,30.288,28.988
-6.166,-5.622,-5.214,-4.942,-4.772,-3.573,-3.605,-3.781,-4.07,-4.602,27.759,26.546,25.382,24.289,22.975
-4.814,-5.062,-5.494,-6.05,-6.764,-5.289,-6.127,-7.131,-8.232,-9.466,21.845,20.937,20.307,20.027,20.121
-7.627,-8.603,-9.421,-10.232,-10.977,-10.779,-12.067,-12.969,-13.632,-13.934,20.666,21.73,22.969,24.54,26.371
-11.583,-11.98,-12.103,-11.919,-11.446,-13.779,-13.102,-11.97,-10.514,-8.879,28.325,30.214,31.812,32.943,33.517
-10.817,-10.045,-9.194,-8.323,-7.43,-7.415,-6.1,-5.012,-4.187,-3.584,33.547,33.163,32.441,31.489,30.33
-6.622,-5.928,-5.365,-4.868,-4.549,-3.238,-3.108,-3.143,-3.34,-3.676,29.093,27.838,26.609,25.214,23.912
-4.399,-4.402,-4.551,-4.845,-5.286,-4.127,-4.686,-5.378,-6.198,-7.153,22.724,21.667,20.741,20.002,19.487
-5.867,-6.584,-7.439,-8.412,-9.459,-8.251,-9.485,-10.815,-12.155,-13.361,19.249,19.347,19.863,20.87,22.41
-10.302,-11.089,-11.756,-12.233,-12.457,-14.099,-14.496,-14.443,-13.879,-12.796,24.02,25.904,27.945,29.974,31.78
-12.384,-12.006,-11.361,-10.549,-9.619,-11.325,-9.641,-7.902,-6.336,-5.014,33.167,34.008,34.261,33.993,33.31
-8.646,-7.693,-6.799,-6.012,-5.349,-3.993,-3.277,-2.822,-2.594,-2.549,32.318,31.146,29.882,28.589,27.311
-4.818,-4.324,-4.026,-3.91,-3.955,-2.639,-2.899,-3.286,-3.779,-4.38,26.076,24.571,23.178,21.912,20.789
-4.184,-4.617,-5.269,-6.125,-7.029,-5.248,-6.306,-7.574,-9.072,-10.55,19.685,18.85,18.352,18.3,18.718
-8.087,-9.266,-10.481,-11.303,-12.019,-12.103,-13.58,-14.736,-15.197,-15.222,19.689,21.299,23.56,25.524,27.661
-12.56,-12.867,-12.894,-12.62,-12.061,-14.735,-13.728,-12.258,-10.5,-8.645,29.816,31.805,33.425,34.53,35.051
-11.267,-10.215,-9.07,-7.929,-6.864,-6.853,-5.132,-3.784,-2.842,-2.262,34.995,34.387,33.345,32.01,30.557
-5.977,-5.219,-4.596,-4.109,-3.665,-1.968,-1.867,-1.912,-2.059,-2.354,29.194,27.846,26.542,25.296,23.799
-3.404,-3.308,-3.354,-3.537,-3.868,-2.742,-3.209,-3.762,-4.473,-5.323,22.415,21.148,20.009,18.951,18.075
-4.354,-4.995,-5.796,-6.78,-7.942,-6.339,-7.551,-8.977,-10.607,-12.368,17.418,17.038,17.01,17.451,18.485
-9.248,-10.191,-11.125,-11.992,-12.723,-14.089,-15.114,-15.865,-16.21,-16.037,20.234,21.887,23.896,26.189,28.632
-13.248,-13.492,-13.409,-13,-12.369,-15.264,-13.93,-12.151,-10.085,-8.141,31.035,33.156,34.789,35.806,36.154
-11.538,-10.565,-9.516,-8.372,-7.274,-6.316,-4.724,-3.43,-2.382,-1.666,35.986,35.381,34.456,33.242,31.897
-6.268,-5.381,-4.507,-3.81,-3.277,-1.237,-1.024,-0.963,-1.049,-1.231,30.504,29.123,27.556,26.062,24.652
-2.894,-2.587,-2.453,-2.477,-2.627,-1.474,-1.846,-2.275,-2.763,-3.34,23.327,21.787,20.373,19.087,17.934
-2.847,-3.166,-3.592,-4.132,-4.974,-3.955,-4.684,-5.552,-6.587,-8.124,17.038,16.269,15.65,15.216,15.008
-6.045,-7.364,-8.916,-9.933,-10.977,-9.991,-12.146,-14.406,-15.679,-16.743,15.295,16.266,18.144,19.793,21.858
-11.996,-12.924,-13.685,-14.188,-14.36,-17.452,-17.659,-17.226,-16.111,-14.364,24.307,27.037,29.886,32.59,34.892
-14.171,-13.696,-12.957,-12.007,-10.911,-12.125,-9.895,-7.668,-5.611,-3.838,36.589,37.479,37.756,37.475,36.745
-9.663,-8.406,-7.202,-6.093,-5,-2.326,-1.208,-0.451,0.015,0.29,35.628,34.293,32.848,31.387,29.806
-4.068,-3.293,-2.667,-2.084,-1.663,0.376,0.338,0.229,0.046,-0.158,28.29,26.855,25.501,23.966,22.532
-1.376,-1.193,-1.078,-1.04,-1.072,-0.365,-0.572,-0.801,-1.039,-1.293,21.192,19.936,18.685,17.518,16.432
-1.158,-1.287,-1.47,-1.714,-2.029,-1.584,-1.93,-2.345,-2.849,-3.473,15.423,14.505,13.663,12.901,12.23
-2.576,-3.314,-4.294,-5.59,-6.635,-4.529,-5.94,-7.806,-10.193,-12.033,11.51,11.033,10.924,11.396,12.158
-7.853,-9.238,-10.754,-11.946,-13.119,-14.07,-16.199,-18.215,-19.487,-20.341,13.428,15.341,18.019,20.596,23.623
-14.203,-15.112,-15.755,-16.042,-15.915,-20.592,-20.088,-18.727,-16.58,-13.829,26.996,30.522,33.933,36.898,39.142
-15.372,-14.578,-13.534,-12.307,-10.968,-10.71,-7.91,-5.293,-3.004,-1.123,40.505,40.937,40.716,39.958,38.818
-9.543,-8.137,-6.799,-5.562,-4.19,0.378,1.465,2.197,2.651,2.948,37.411,35.888,34.34,32.835,31.067
-3.011,-2.019,-1.199,-0.429,0.18,3.041,3.017,2.942,2.847,2.78,29.432,27.928,26.545,25.069,23.712
0.663,1.058,1.434,1.77,2.088,2.767,2.821,2.959,3.193,3.532,22.461,21.301,20.131,19.059,18.086
2.421,2.786,3.198,3.674,4.232,3.98,4.526,5.198,6.016,6.992,17.214,16.468,15.838,15.347,15.021
5.01,5.946,7.052,8.331,9.421,8.332,9.918,11.725,13.655,15.121,14.903,15.156,15.899,17.269,18.84
10.565,11.709,12.769,13.649,14.229,16.416,17.358,17.749,17.393,16.218,20.913,23.477,26.426,29.575,32.578
14.41,14.156,13.625,12.834,11.839,14.29,11.78,9.501,7.259,5.217,35.093,36.873,37.664,37.836,37.455
10.708,9.447,8.189,6.993,5.898,3.482,2.036,0.98,0.278,-0.147,36.64,35.468,34.101,32.646,31.185
4.808,3.883,3.12,2.508,1.945,-0.392,-0.454,-0.4,-0.28,-0.095,29.584,28.056,26.612,25.252,23.722
1.54,1.267,1.093,0.985,0.948,0.108,0.308,0.505,0.717,0.935,22.294,20.958,19.707,18.487,17.348
0.974,1.049,1.166,1.333,1.558,1.166,1.43,1.748,2.131,2.597,16.285,15.296,14.371,13.52,12.746
1.848,2.351,3.029,3.935,5.141,3.174,4.148,5.455,7.194,9.447,12.057,11.305,10.769,10.556,10.851
6.145,7.33,8.698,10.227,11.449,11.252,13.297,15.499,17.68,19.144,11.461,12.547,14.255,16.733,19.178
12.683,13.859,14.89,15.68,16.123,20.256,20.813,20.631,19.557,17.608,22.127,25.508,29.15,32.8,36.095
16.141,15.717,15.016,14.044,12.86,14.929,11.749,8.881,6.135,3.677,38.711,40.436,41.126,41.123,40.528
11.537,10.107,8.674,7.294,6.005,1.613,-0.063,-1.306,-2.165,-2.718,39.493,38.143,36.636,35.077,33.545
4.603,3.381,2.338,1.463,0.615,-3.093,-3.244,-3.257,-3.201,-3.109,31.795,30.168,28.671,27.295,25.797
-0.061,-0.6,-1.04,-1.474,-1.852,-3.032,-3,-3.031,-3.152,-3.378,24.426,23.163,21.996,20.751,19.617
-2.201,-2.559,-2.928,-3.341,-3.811,-3.721,-4.184,-4.718,-5.375,-6.17,18.596,17.686,16.953,16.337,15.857
-4.358,-5.122,-6.032,-7.1,-8.327,-7.112,-8.41,-9.935,-11.657,-13.484,15.54,15.424,15.668,16.383,17.689
-9.393,-10.507,-11.616,-12.639,-13.481,-14.896,-16.134,-17.023,-17.374,-17.004,19.216,21.229,23.711,26.556,29.581
-14.028,-14.186,-13.924,-13.394,-12.612,-15.852,-13.985,-11.574,-9.375,-7.217,32.453,34.848,36.532,37.275,37.417
-11.634,-10.528,-9.291,-8.062,-6.899,-5.256,-3.596,-2.209,-1.205,-0.543,37.026,36.215,35.05,33.697,32.256
-5.841,-4.794,-3.914,-3.194,-2.624,-0.151,0.065,0.105,0.032,-0.106,30.809,29.223,27.707,26.272,24.919
-2.107,-1.749,-1.525,-1.402,-1.353,-0.318,-0.553,-0.795,-1.048,-1.329,23.392,21.968,20.637,19.395,18.214
-1.379,-1.476,-1.635,-1.863,-2.168,-1.639,-1.987,-2.397,-2.916,-3.55,17.116,16.101,15.169,14.295,13.524
-2.565,-3.068,-3.799,-4.738,-5.924,-4.332,-5.301,-6.674,-8.411,-10.551,12.87,12.363,12.021,12.022,12.527
-7.394,-8.611,-9.957,-11.386,-12.808,-13.049,-14.959,-16.842,-18.482,-19.584,13.773,15.257,17.38,20.211,23.718
-13.806,-14.651,-15.267,-15.588,-15.564,-19.853,-19.478,-18.383,-16.586,-14.195,26.745,29.908,32.99,35.753,37.948
-15.174,-14.432,-13.397,-12.101,-10.669,-11.455,-8.624,-5.924,-3.463,-1.472,39.413,40.088,40.009,39.28,38.078
-9.195,-7.753,-6.427,-5.217,-4.14,0.017,1.052,1.715,2.106,2.297,36.576,34.955,33.377,31.842,30.384
-3.203,-2.134,-1.285,-0.622,-0.105,2.357,2.318,2.216,2.108,2.032,29.014,27.276,25.683,24.215,22.857
0.283,0.599,0.863,1.098,1.324,2.002,2.022,2.1,2.236,2.43,21.667,20.553,19.51,18.534,17.622
1.55,1.787,2.048,2.42,2.864,2.69,3.024,3.437,4.059,4.841,16.773,15.991,15.278,14.51,13.871
3.397,4.049,4.945,6.052,7.39,5.813,7.003,8.599,10.53,12.762,13.389,13.108,13.109,13.571,14.676
8.959,10.084,11.252,12.408,13.475,15.133,16.616,17.888,18.769,19.075,16.642,18.487,20.822,23.623,26.783
14.362,14.961,15.181,14.981,14.472,18.624,17.347,15.3,12.649,10.12,30.115,33.296,36.005,37.991,38.981
13.679,12.654,11.467,10.136,8.786,7.599,5.27,3.26,1.572,0.307,39.296,39,38.214,37.042,35.649
7.479,6.259,5.021,3.944,3.028,-0.571,-1.134,-1.496,-1.646,-1.66,34.15,32.643,31,29.439,27.974
2.267,1.528,0.956,0.522,0.191,-1.597,-1.477,-1.349,-1.243,-1.171,26.604,25.058,23.622,22.284,21.031
-0.107,-0.337,-0.517,-0.68,-0.838,-1.132,-1.15,-1.232,-1.371,-1.546,19.698,18.456,17.302,16.226,15.305
-1.006,-1.191,-1.407,-1.725,-2.121,-1.78,-2.083,-2.463,-3.033,-3.77,14.447,13.652,12.921,12.143,11.475
-2.617,-3.25,-4.153,-5.32,-6.801,-4.72,-5.93,-7.611,-9.769,-12.422,10.943,10.593,10.504,10.874,11.95
-8.626,-9.908,-11.277,-12.672,-13.996,-15.423,-17.296,-18.996,-20.287,-20.894,14.087,16.097,18.741,22.031,25.862
-14.904,-15.62,-16.074,-16.216,-16.013,-20.706,-19.83,-18.247,-16.025,-13.321,29.101,32.334,35.335,37.883,39.776
-15.463,-14.594,-13.465,-12.113,-10.653,-10.389,-7.474,-4.777,-2.383,-0.463,40.907,41.27,40.937,40.031,38.731
-9.166,-7.717,-6.307,-5.019,-3.871,0.97,1.975,2.657,3.055,3.248,37.198,35.583,33.938,32.358,30.873
-2.867,-1.724,-0.805,-0.074,0.508,3.308,3.274,3.183,3.097,3.053,29.492,27.774,26.216,24.793,23.488
0.967,1.352,1.685,1.993,2.299,3.067,3.148,3.304,3.537,3.848,22.326,21.25,20.255,19.338,18.498
2.614,2.949,3.323,3.845,4.459,4.247,4.742,5.339,6.204,7.25,17.74,17.071,16.5,15.96,15.621
5.183,6.037,7.187,8.522,10.001,8.493,9.927,11.764,13.718,15.562,15.535,15.773,16.541,18.022,20.352
11.513,12.422,13.202,13.783,14.1,16.913,17.298,17.155,16.409,15.061,23.545,25.991,28.594,31.174,33.522
14.109,13.786,13.146,12.244,11.06,13.19,10.999,8.71,6.508,4.415,35.416,36.702,37.314,37.27,36.616
9.757,8.436,7.171,6.069,5.092,2.747,1.54,0.743,0.28,0.041,35.496,34.071,32.524,31.056,29.613
4.25,3.545,2.818,2.279,1.9,-0.035,-0.002,0.137,0.337,0.565,28.223,26.898,25.279,23.766,22.352
1.65,1.469,1.418,1.493,1.657,0.807,1.133,1.482,1.861,2.316,21.03,19.523,18.139,16.871,15.72
1.842,2.095,2.423,2.838,3.59,2.777,3.329,3.994,4.804,6.222,14.869,14.104,13.437,12.886,12.366
4.596,5.909,7.583,8.752,10.032,8.09,10.469,13.296,15.096,16.851,12.246,12.741,14.187,15.66,17.715
11.379,12.716,13.939,14.896,15.44,18.368,19.397,19.654,18.893,17.037,20.404,23.694,27.465,31.345,34.892
15.475,15.097,14.372,13.35,12.108,14.226,11.511,8.69,6.01,3.65,37.704,39.18,39.869,39.814,39.131
10.723,9.292,7.888,6.565,5.282,1.699,0.215,-0.827,-1.506,-1.937,37.993,36.574,35.012,33.428,31.798
4.149,3.17,2.342,1.496,0.831,-2.143,-2.199,-2.167,-2.071,-1.96,30.248,28.795,27.438,25.863,24.409
0.313,-0.092,-0.49,-0.807,-1.066,-1.87,-1.821,-1.822,-1.906,-2.089,23.06,21.802,20.381,19.072,17.869
-1.316,-1.552,-1.811,-2.103,-2.445,-2.366,-2.673,-3.066,-3.559,-4.164,16.763,15.896,15.103,14.39,13.765
-2.94,-3.551,-4.303,-5.232,-6.504,-5.051,-6.165,-7.548,-9.224,-11.423,13.158,12.735,12.557,12.72,13.446
-8.06,-9.881,-11.841,-12.945,-13.938,-13.947,-16.548,-18.662,-19.349,-19.428,15.024,17.722,21.721,24.616,27.788
-14.732,-15.245,-15.404,-15.164,-14.526,-18.767,-17.321,-15.143,-12.474,-9.603,31.035,34.098,36.675,38.53,39.542
-13.543,-12.346,-10.991,-9.571,-8.162,-6.772,-4.295,-2.239,-0.659,0.47,39.705,39.172,38.128,36.741,35.192
-6.842,-5.628,-4.54,-3.588,-2.464,1.219,1.677,1.918,2.01,1.992,33.642,32.114,30.648,29.262,27.434
-1.579,-0.895,-0.373,-0.004,0.29,1.887,1.764,1.664,1.609,1.597,25.757,24.212,22.784,21.585,20.46
0.53,0.736,0.928,1.114,1.304,1.633,1.718,1.85,2.036,2.281,19.404,18.41,17.476,16.6,15.783
1.509,1.801,2.147,2.564,3.078,2.591,3.066,3.673,4.441,5.398,15.024,14.177,13.431,12.802,12.317
3.796,4.702,5.829,7.213,8.389,6.716,8.372,10.401,12.767,14.635,11.998,11.997,12.455,13.575,14.945
9.694,11.091,12.501,13.554,14.47,16.506,18.189,19.417,19.857,19.65,16.914,19.56,22.875,25.909,29.136
15.163,15.56,15.603,15.26,14.543,18.697,16.994,14.63,11.86,8.961,32.34,35.267,37.641,39.268,40.069
13.509,12.208,10.759,9.262,7.795,6.167,3.629,1.569,0.029,-1.038,40.066,39.375,38.179,36.66,35.012
6.469,5.259,4.18,3.239,2.158,-1.71,-2.107,-2.305,-2.368,-2.333,33.439,31.908,30.451,29.082,27.335
1.3,0.629,0.107,-0.283,-0.6,-2.232,-2.124,-2.047,-2.016,-2.036,25.734,24.259,22.895,21.708,20.597
-0.865,-1.101,-1.328,-1.554,-1.79,-2.113,-2.248,-2.44,-2.698,-3.029,19.557,18.583,17.672,16.825,16.044
-2.051,-2.422,-2.864,-3.395,-4.044,-3.44,-4.059,-4.837,-5.804,-6.987,15.331,14.561,13.919,13.434,13.15
-4.935,-6.035,-7.364,-8.923,-10.049,-8.573,-10.492,-12.711,-15.07,-16.559,13.143,13.594,14.681,16.62,18.454
-11.219,-12.378,-13.449,-14.341,-14.944,-17.839,-18.732,-19.048,-18.605,-17.334,20.782,23.579,26.74,30.076,33.264
-15.165,-14.964,-14.455,-13.662,-12.637,-15.287,-12.634,-10.109,-7.593,-5.268,35.978,37.966,38.953,39.266,38.968
-11.45,-10.121,-8.772,-7.467,-6.249,-3.263,-1.58,-0.319,0.554,1.114,38.182,37.009,35.615,34.118,32.611
-5.014,-3.94,-3.028,-2.27,-1.534,1.474,1.622,1.634,1.57,1.449,30.969,29.409,27.944,26.574,25.028
-0.966,-0.536,-0.207,0.087,0.313,1.321,1.213,1.14,1.098,1.112,23.593,22.255,21.002,19.671,18.431
0.489,0.648,0.802,0.965,1.144,1.189,1.321,1.489,1.713,2.005,17.277,16.203,15.279,14.419,13.621
1.353,1.66,2.043,2.524,3.138,2.372,2.923,3.637,4.558,5.733,12.886,12.101,11.422,10.875,10.502
4.016,5.156,6.606,8.405,9.728,7.375,9.49,12.112,15.113,17.087,10.374,10.684,11.671,13.687,15.691
11.153,12.616,14.008,14.925,15.65,18.904,20.305,20.976,20.801,19.934,18.381,21.781,25.783,29.042,32.301
16.114,16.264,16.068,15.521,14.652,18.353,16.125,13.407,10.454,7.515,35.331,37.91,39.829,40.983,41.361
13.521,12.166,10.701,9.208,7.751,4.792,2.377,0.439,-1.011,-2.027,41.036,40.132,38.831,37.294,35.675
6.335,5.04,3.884,2.873,1.716,-2.718,-3.123,-3.321,-3.384,-3.352,34.027,32.445,30.958,29.577,27.853
0.785,0.045,-0.546,-1.011,-1.402,-3.262,-3.176,-3.133,-3.149,-3.232,26.292,24.868,23.563,22.404,21.333
-1.74,-2.053,-2.363,-2.682,-3.023,-3.39,-3.626,-3.942,-4.345,-4.845,20.343,19.432,18.598,17.847,17.187
-3.401,-3.929,-4.549,-5.278,-6.135,-5.446,-6.318,-7.37,-8.615,-10.046,16.625,16.099,15.777,15.713,15.975
-7.289,-8.622,-10.091,-11.579,-12.463,-11.873,-13.798,-15.589,-16.861,-17.184,16.777,18.296,20.658,23.861,26.288
-13.213,-13.759,-14.042,-14.018,-13.671,-16.982,-16.188,-14.811,-12.938,-10.77,28.852,31.369,33.638,35.446,36.65
-13.017,-12.112,-10.931,-9.641,-8.339,-8.523,-6.378,-4.344,-2.732,-1.571,37.195,37.105,36.422,35.293,33.875
-7.097,-6.01,-5.05,-4.225,-3.537,-0.808,-0.365,-0.143,-0.079,-0.122,32.341,30.876,29.436,28.05,26.729
-2.836,-2.32,-1.962,-1.732,-1.577,-0.271,-0.481,-0.719,-0.975,-1.316,25.122,23.62,22.216,20.904,19.437
-1.55,-1.645,-1.832,-2.048,-2.338,-1.688,-2.101,-2.598,-3.113,-3.731,18.089,16.857,15.743,14.906,14.164
-2.712,-3.183,-4.049,-5.206,-6.707,-4.479,-5.388,-6.997,-9.108,-11.75,13.534,13.038,12.641,12.753,13.647
-8.584,-9.759,-10.998,-12.246,-13.419,-14.74,-16.376,-17.835,-18.918,-19.403,15.73,17.535,19.888,22.784,26.123
-14.415,-15.103,-15.373,-15.173,-14.653,-19.064,-17.795,-15.641,-12.786,-10.167,29.715,33.184,36.148,38.311,39.333
-13.84,-12.787,-11.566,-10.212,-8.837,-7.556,-5.148,-3.073,-1.351,-0.06,39.655,39.346,38.531,37.334,35.918
-7.505,-6.26,-4.993,-3.888,-2.945,0.836,1.412,1.786,1.944,1.964,34.4,32.878,31.221,29.652,28.183
-2.159,-1.389,-0.789,-0.328,0.031,1.907,1.796,1.68,1.59,1.54,26.812,25.267,23.837,22.505,21.261
0.364,0.63,0.85,1.059,1.267,1.535,1.6,1.743,1.961,2.222,19.925,18.686,17.538,16.475,15.579
1.492,1.747,2.046,2.481,3.02,2.561,2.991,3.524,4.307,5.303,14.753,14.001,13.329,12.653,12.132
3.69,4.529,5.69,7.143,8.9,6.559,8.112,10.187,12.684,15.459,11.814,11.78,12.201,13.344,15.499
10.895,11.999,13.074,14.057,14.874,18.078,19.17,19.865,20.012,19.493,18.968,21.416,24.243,27.347,30.561
15.452,15.717,15.619,15.155,14.418,18.233,16.29,13.811,10.994,8.301,33.658,36.365,38.457,39.79,40.305
13.43,12.255,10.963,9.572,8.195,5.758,3.514,1.655,0.153,-0.94,40.174,39.503,38.438,37.084,35.596
6.883,5.671,4.352,3.219,2.266,-1.678,-2.137,-2.433,-2.529,-2.506,34.068,32.572,30.835,29.216,27.718
1.481,0.744,0.167,-0.285,-0.647,-2.429,-2.323,-2.239,-2.2,-2.219,26.331,24.835,23.454,22.173,20.981
-0.983,-1.276,-1.546,-1.823,-2.124,-2.308,-2.479,-2.743,-3.1,-3.54,19.774,18.659,17.634,16.697,15.874
-2.464,-2.857,-3.322,-3.979,-4.785,-4.092,-4.776,-5.607,-6.777,-8.212,15.146,14.527,14.036,13.664,13.572
-5.764,-6.941,-8.086,-9.363,-10.734,-9.931,-11.908,-13.705,-15.515,-17.145,13.862,14.673,15.87,17.67,20.153
-12.113,-13.096,-13.941,-14.572,-14.919,-18.321,-18.709,-18.501,-17.612,-16.045,23.306,26.084,29.03,31.941,34.585
-14.931,-14.583,-13.889,-12.905,-11.651,-13.889,-11.376,-8.756,-6.242,-3.921,36.714,38.157,38.845,38.802,38.114
-10.266,-8.847,-7.471,-6.241,-5.132,-2.055,-0.678,0.258,0.832,1.156,36.947,35.472,33.874,32.346,30.852
-4.156,-3.318,-2.403,-1.691,-1.15,1.299,1.322,1.247,1.114,0.97,29.423,28.071,26.385,24.822,23.368
-0.744,-0.448,-0.225,-0.06,0.068,0.842,0.741,0.67,0.631,0.622,22.012,20.786,19.634,18.549,17.525
0.177,0.27,0.354,0.438,0.552,0.636,0.678,0.75,0.849,1.009,16.559,15.648,14.789,13.979,13.055
0.683,0.838,1.032,1.328,1.716,1.224,1.51,1.879,2.436,3.186,12.198,11.407,10.684,9.935,9.291
2.226,2.91,3.886,5.199,6.923,4.197,5.545,7.408,9.91,13.106,8.783,8.468,8.458,8.966,10.338
9.113,10.438,11.845,13.275,14.634,16.78,18.722,20.465,21.772,22.369,13.135,15.382,18.271,21.808,25.888
15.809,16.649,17.024,16.862,16.326,21.972,20.428,17.769,14.214,10.985,30.298,34.589,38.291,41.032,42.347
15.451,14.29,12.92,11.43,9.892,7.744,4.73,2.108,-0.026,-1.668,42.827,42.551,41.667,40.378,38.847
8.372,6.918,5.395,4.026,2.82,-2.853,-3.656,-4.22,-4.51,-4.617,37.21,35.578,33.817,32.18,30.681
1.778,0.669,-0.231,-0.96,-1.556,-4.616,-4.544,-4.455,-4.396,-4.397,29.317,27.757,26.359,25.098,23.953
-2.083,-2.536,-2.942,-3.331,-3.73,-4.477,-4.647,-4.915,-5.282,-5.748,22.86,21.873,20.989,20.209,19.534
-4.151,-4.607,-5.114,-5.797,-6.578,-6.319,-7,-7.789,-8.856,-10.058,18.979,18.56,18.295,18.214,18.444
-7.457,-8.427,-9.363,-10.314,-11.224,-11.357,-12.672,-13.784,-14.688,-15.24,19.048,20.083,21.426,23.169,25.264
-12.019,-12.619,-12.934,-12.907,-12.533,-15.304,-14.762,-13.627,-12.006,-10.053,27.588,29.953,32.09,33.76,34.812
-11.958,-11.188,-10.284,-9.308,-8.232,-8.284,-6.613,-5.15,-3.96,-2.992,35.168,35.034,34.48,33.613,32.446
-7.207,-6.278,-5.471,-4.712,-4.124,-2.343,-1.971,-1.809,-1.802,-1.94,31.144,29.786,28.434,26.937,25.508
-3.696,-3.414,-3.228,-3.243,-3.456,-2.178,-2.491,-3.009,-3.636,-4.38,24.161,22.901,21.377,20.02,18.843
-3.836,-4.265,-4.824,-5.522,-6.365,-5.292,-6.214,-7.299,-8.559,-9.989,17.882,17.285,16.907,16.806,17.058
-7.347,-8.466,-9.69,-10.941,-11.832,-11.548,-13.159,-14.665,-15.827,-16.296,17.741,18.972,20.83,23.321,25.556
-12.606,-13.19,-13.521,-13.547,-13.247,-16.274,-15.677,-14.497,-12.8,-10.785,27.974,30.402,32.633,34.445,35.677
-12.634,-11.764,-10.63,-9.39,-8.145,-8.669,-6.632,-4.71,-3.194,-2.117,36.258,36.202,35.556,34.459,33.063
-6.967,-5.966,-5.092,-4.353,-3.75,-1.428,-1.051,-0.881,-0.861,-0.945,31.548,30.126,28.723,27.369,26.075
-3.159,-2.75,-2.498,-2.377,-2.363,-1.147,-1.421,-1.741,-2.105,-2.589,24.51,23.048,21.687,20.426,19.11
-2.481,-2.734,-3.108,-3.552,-4.121,-3.154,-3.821,-4.637,-5.544,-6.637,17.926,16.883,16.002,15.373,14.94
-4.832,-5.702,-6.623,-7.688,-8.886,-7.943,-9.476,-11.027,-12.714,-14.443,14.762,14.92,15.429,16.391,17.907
-10.181,-11.506,-12.745,-13.75,-14.357,-16.046,-17.302,-17.858,-17.427,-15.907,20.052,22.855,26.199,29.803,33.23
-14.458,-14.179,-13.529,-12.566,-11.391,-13.947,-11.567,-9.037,-6.576,-4.405,35.481,37.055,37.852,37.878,37.265
-10.088,-8.751,-7.456,-6.29,-5.243,-2.649,-1.347,-0.461,0.086,0.388,36.183,34.791,33.264,31.774,30.307
-4.329,-3.553,-2.726,-2.098,-1.637,0.512,0.516,0.415,0.248,0.058,28.893,27.547,25.878,24.323,22.871
-1.312,-1.092,-0.954,-0.884,-0.866,-0.135,-0.321,-0.502,-0.68,-0.864,21.514,20.276,19.113,18.021,16.994
-0.885,-0.943,-1.041,-1.177,-1.404,-1.068,-1.295,-1.556,-1.865,-2.346,16.03,15.127,14.283,13.498,12.601
-1.708,-2.111,-2.635,-3.265,-4.066,-2.958,-3.745,-4.761,-5.968,-7.492,11.805,11.127,10.598,10.284,10.212
-5.075,-6.331,-7.532,-8.914,-10.455,-9.384,-11.658,-13.724,-15.931,-18.1,10.494,11.302,12.473,14.283,16.875
-12.085,-13.253,-14.339,-15.263,-15.941,-19.925,-20.804,-21.104,-20.671,-19.422,20.332,23.357,26.722,30.254,33.706
-16.294,-16.259,-15.812,-14.983,-13.923,-17.354,-14.652,-11.575,-8.38,-5.547,36.783,39.203,40.782,41.454,41.32
-12.653,-11.253,-9.797,-8.338,-6.943,-3.054,-1.001,0.586,1.758,2.556,40.587,39.413,37.975,36.414,34.828
-5.648,-4.475,-3.083,-1.926,-0.979,3.054,3.331,3.481,3.47,3.391,33.284,31.82,29.974,28.299,26.779
-0.215,0.48,1.031,1.474,1.857,3.306,3.244,3.251,3.345,3.534,25.392,23.95,22.635,21.433,20.334
2.207,2.552,2.908,3.299,3.781,3.807,4.181,4.664,5.261,6.036,19.366,18.494,17.724,17.066,16.5
4.339,4.989,5.749,6.79,8.004,6.971,8.077,9.353,11.031,12.858,16.109,15.935,16.031,16.566,17.707
9.364,10.797,11.785,12.673,13.383,14.669,16.173,16.842,17.009,16.553,19.585,22.256,24.596,27.196,29.882
13.837,13.969,13.742,13.159,12.276,15.437,13.698,11.547,9.228,6.946,32.427,34.57,36.102,36.916,37.004
11.19,9.977,8.728,7.514,6.408,4.918,3.262,2.022,1.17,0.638,36.483,35.502,34.207,32.763,31.318
5.419,4.561,3.839,3.085,2.529,0.348,0.237,0.249,0.378,0.586,29.881,28.487,27.153,25.497,23.949
2.143,1.895,1.758,1.714,1.753,0.834,1.106,1.396,1.712,2.059,22.503,21.155,19.928,18.785,17.724
1.862,2.035,2.279,2.601,3.011,2.457,2.928,3.485,4.153,4.959,16.745,15.852,15.05,14.351,13.773
3.715,4.641,5.832,7.328,8.441,6.291,8.001,10.136,12.651,14.373,13.24,13.074,13.446,14.615,15.915
9.665,10.962,12.262,13.47,14.443,16.075,17.586,18.673,19.074,18.535,17.761,20.21,23.246,26.773,30.467
15.041,15.16,14.855,14.196,13.227,16.952,14.425,11.849,9.121,6.494,33.927,36.759,38.347,39.158,39.216
12.027,10.668,9.257,7.871,6.567,4.156,2.202,0.715,-0.324,-0.995,38.623,37.543,36.154,34.603,33.017
5.343,4.265,3.336,2.554,1.758,-1.406,-1.6,-1.648,-1.609,-1.501,31.425,29.902,28.466,27.118,25.538
1.139,0.666,0.306,-0.03,-0.282,-1.371,-1.255,-1.17,-1.111,-1.113,24.072,22.706,21.429,20.006,18.686
-0.47,-0.637,-0.79,-0.95,-1.124,-1.186,-1.32,-1.48,-1.695,-1.973,17.462,16.326,15.41,14.555,13.76
-1.326,-1.625,-1.995,-2.459,-3.05,-2.324,-2.855,-3.543,-4.43,-5.561,13.027,12.232,11.541,10.977,10.578
-3.897,-4.994,-6.392,-8.133,-9.418,-7.144,-9.187,-11.728,-14.67,-16.633,10.405,10.644,11.518,13.359,15.211
-10.813,-12.264,-13.673,-14.649,-15.45,-18.489,-20.001,-20.872,-20.9,-20.237,17.72,20.931,24.77,28.03,31.354
-16,-16.242,-16.134,-15.661,-14.846,-18.835,-16.738,-14.083,-11.128,-8.131,34.515,37.276,39.404,40.763,41.318
-13.747,-12.405,-10.935,-9.424,-7.941,-5.311,-2.784,-0.738,0.803,1.89,41.124,40.304,39.042,37.509,35.871
-6.527,-5.23,-4.066,-3.044,-1.846,2.617,3.053,3.275,3.355,3.335,34.238,32.662,31.176,29.793,28.028
-0.884,-0.119,0.488,0.952,1.342,3.247,3.157,3.109,3.118,3.191,26.431,24.977,23.646,22.496,21.431
1.678,1.987,2.291,2.601,2.929,3.336,3.557,3.853,4.233,4.705,20.445,19.535,18.699,17.943,17.273
3.291,3.801,4.4,5.102,5.931,5.275,6.111,7.125,8.331,9.724,16.696,16.135,15.769,15.646,15.833
7.041,8.331,9.769,11.255,12.194,11.504,13.415,15.254,16.675,17.169,16.516,17.87,20.031,23.033,25.442
13.016,13.646,14.018,14.078,13.797,17.146,16.513,15.257,13.441,11.268,28.048,30.671,33.099,35.095,36.485
13.186,12.298,11.153,9.884,8.587,8.967,6.73,4.646,2.966,1.73,37.187,37.208,36.618,35.559,34.185
7.335,6.226,5.238,4.384,3.666,0.899,0.402,0.137,0.044,0.066,32.676,31.215,29.771,28.377,27.045
2.923,2.371,1.983,1.729,1.578,0.199,0.4,0.633,0.883,1.15,25.409,23.881,22.452,21.118,19.881
1.516,1.535,1.619,1.76,1.966,1.435,1.744,2.094,2.506,2.994,18.727,17.652,16.655,15.738,14.904
2.242,2.595,3.194,3.984,5.009,3.576,4.281,5.433,6.92,8.809,14.161,13.521,12.876,12.515,12.568
6.316,7.344,8.509,9.795,11.155,11.116,12.832,14.648,16.445,18.03,13.239,14.142,15.534,17.51,20.129
12.52,13.768,14.754,15.328,15.4,19.162,19.496,18.77,16.913,14.604,23.395,27.143,31.062,34.712,37.147
15.073,14.355,13.309,12.023,10.594,11.861,8.978,6.195,3.727,1.729,38.825,39.653,39.65,38.96,37.773
9.121,7.682,6.388,5.21,4.165,0.243,-0.782,-1.421,-1.794,-1.974,36.268,34.636,33.078,31.559,30.112
3.257,2.232,1.423,0.795,0.31,-2.024,-1.977,-1.867,-1.75,-1.659,28.748,27.022,25.433,23.964,22.601
-0.05,-0.339,-0.575,-0.779,-0.973,-1.61,-1.606,-1.652,-1.748,-1.893,21.399,20.272,19.215,18.221,17.287
-1.162,-1.357,-1.571,-1.876,-2.239,-2.095,-2.359,-2.691,-3.195,-3.839,16.414,15.601,14.848,14.018,13.292
-2.679,-3.222,-3.982,-4.94,-6.131,-4.651,-5.663,-7.056,-8.801,-10.926,12.69,12.243,11.983,12.071,12.664
-7.586,-8.797,-10.126,-11.526,-12.909,-13.372,-15.243,-17.064,-18.622,-19.638,13.983,15.522,17.682,20.521,23.998
-13.89,-14.714,-15.305,-15.6,-15.551,-19.851,-19.418,-18.272,-16.437,-14.027,27.028,30.175,33.222,35.934,38.071
-15.141,-14.386,-13.344,-12.046,-10.618,-11.288,-8.474,-5.801,-3.371,-1.408,39.478,40.105,39.991,39.241,38.031
-9.15,-7.717,-6.391,-5.182,-4.107,0.058,1.076,1.733,2.118,2.304,36.53,34.917,33.335,31.8,30.341
-3.172,-2.11,-1.268,-0.609,-0.095,2.36,2.32,2.217,2.11,2.035,28.97,27.24,25.653,24.191,22.838
0.293,0.609,0.873,1.108,1.335,2.006,2.028,2.108,2.246,2.443,21.646,20.531,19.487,18.51,17.597
1.562,1.801,2.064,2.44,2.887,2.707,3.045,3.463,4.092,4.881,16.749,15.967,15.255,14.492,13.858
3.425,4.083,4.988,6.104,7.454,5.863,7.062,8.672,10.618,12.861,13.383,13.112,13.128,13.613,14.751
9.034,10.153,11.311,12.455,13.507,15.234,16.695,17.939,18.789,19.065,16.761,18.62,20.961,23.758,26.9
14.379,14.965,15.177,14.975,14.466,18.593,17.308,15.268,12.636,10.112,30.203,33.349,36.026,37.989,38.975
13.674,12.651,11.466,10.136,8.787,7.597,5.272,3.265,1.579,0.314,39.288,38.992,38.208,37.037,35.645
7.481,6.262,5.024,3.947,3.032,-0.563,-1.126,-1.489,-1.639,-1.653,34.148,32.642,30.999,29.439,27.973
2.271,1.532,0.961,0.528,0.197,-1.59,-1.47,-1.342,-1.235,-1.163,26.602,25.056,23.621,22.282,21.03
-0.101,-0.33,-0.509,-0.671,-0.828,-1.123,-1.14,-1.22,-1.358,-1.53,19.695,18.453,17.298,16.222,15.3
-0.994,-1.178,-1.392,-1.706,-2.099,-1.761,-2.061,-2.438,-3.002,-3.732,14.442,13.646,12.914,12.134,11.462
-2.591,-3.218,-4.114,-5.273,-6.745,-4.674,-5.873,-7.543,-9.689,-12.332,10.926,10.57,10.469,10.821,11.871
-8.562,-9.855,-11.239,-12.653,-13.996,-15.333,-17.234,-18.967,-20.289,-20.915,13.973,15.98,18.635,21.954,25.831
-14.907,-15.626,-16.084,-16.228,-16.029,-20.733,-19.861,-18.28,-16.058,-13.352,29.075,32.315,35.326,37.884,39.785
-15.48,-14.612,-13.483,-12.13,-10.669,-10.414,-7.493,-4.787,-2.386,-0.461,40.925,41.294,40.965,40.06,38.761
-9.18,-7.729,-6.317,-5.027,-3.877,0.979,1.987,2.672,3.072,3.267,37.226,35.61,33.964,32.384,30.899
-2.871,-1.724,-0.801,-0.068,0.517,3.328,3.295,3.204,3.118,3.074,29.518,27.798,26.238,24.815,23.509
0.978,1.364,1.699,2.008,2.315,3.089,3.17,3.326,3.56,3.872,22.348,21.274,20.28,19.365,18.526
2.631,2.968,3.342,3.866,4.482,4.272,4.768,5.366,6.232,7.28,17.77,17.103,16.534,15.998,15.662
5.206,6.061,7.211,8.545,10.022,8.523,9.956,11.789,13.735,15.566,15.582,15.825,16.601,18.09,20.427
11.527,12.43,13.203,13.775,14.085,16.898,17.268,17.111,16.354,15,23.62,26.061,28.654,31.218,33.547
14.085,13.757,13.114,12.212,11.028,13.129,10.945,8.666,6.478,4.4,35.42,36.686,37.282,37.227,36.567
9.729,8.413,7.153,6.056,5.083,2.746,1.55,0.761,0.303,0.068,35.445,34.022,32.478,31.011,29.569
4.245,3.544,2.824,2.29,1.917,-0.004,0.031,0.172,0.375,0.605,28.18,26.856,25.24,23.73,22.318
1.672,1.497,1.453,1.533,1.703,0.851,1.181,1.536,1.924,2.39,20.999,19.502,18.127,16.868,15.726
1.896,2.159,2.499,2.928,3.71,2.866,3.435,4.122,4.957,6.425,14.878,14.12,13.462,12.924,12.434
4.755,6.117,7.845,9.046,10.351,8.356,10.807,13.686,15.492,17.21,12.371,12.963,14.568,16.173,18.382
11.708,13.028,13.958,14.721,15.245,18.628,19.48,19.565,19.012,17.776,21.236,24.669,27.647,30.697,33.605
15.473,15.365,14.91,14.13,13.083,15.894,13.494,10.814,8.097,5.543,36.148,38.109,39.356,39.855,39.658
11.79,10.381,8.945,7.551,6.245,3.227,1.37,-0.008,-0.959,-1.577,38.861,37.637,36.149,34.56,32.981
5.061,4.014,3.108,2.103,1.308,-1.93,-2.093,-2.133,-2.078,-1.969,31.45,29.996,28.629,26.929,25.365
0.689,0.208,-0.158,-0.454,-0.697,-1.858,-1.776,-1.737,-1.746,-1.81,23.92,22.577,21.373,20.245,19.188
-0.911,-1.117,-1.322,-1.536,-1.773,-1.928,-2.099,-2.333,-2.635,-3.012,18.197,17.268,16.402,15.6,14.862
-2.11,-2.514,-3.003,-3.606,-4.445,-3.579,-4.297,-5.199,-6.315,-7.836,14.064,13.382,12.839,12.475,12.346
-5.495,-6.787,-8.337,-9.556,-10.858,-9.717,-11.957,-14.443,-16.194,-17.787,12.628,13.5,15.196,16.994,19.392
-12.182,-13.434,-14.285,-14.949,-15.358,-18.999,-19.574,-19.406,-18.603,-17.149,22.401,25.917,28.886,31.845,34.58
-15.467,-15.247,-14.698,-13.852,-12.769,-15.113,-12.645,-9.981,-7.346,-4.922,36.887,38.581,39.569,39.847,39.487
-11.463,-10.067,-8.66,-7.305,-6.002,-2.755,-1.039,0.221,1.084,1.653,38.586,37.316,35.828,34.264,32.668
-4.83,-3.799,-2.912,-1.956,-1.201,1.967,2.101,2.119,2.05,1.939,31.128,29.671,28.303,26.645,25.117
-0.613,-0.156,0.204,0.494,0.733,1.831,1.755,1.722,1.739,1.813,23.701,22.385,21.171,20.034,18.97
0.946,1.153,1.363,1.585,1.833,1.944,2.131,2.383,2.708,3.114,17.974,17.042,16.174,15.373,14.64
2.185,2.609,3.124,3.761,4.648,3.714,4.474,5.427,6.605,8.211,13.864,13.207,12.699,12.382,12.33
5.759,7.123,8.749,9.926,11.163,10.19,12.526,15.069,16.693,18.126,12.73,13.779,15.726,17.592,19.998
12.404,13.566,14.549,15.226,15.491,19.172,19.614,19.232,17.93,15.754,22.936,26.301,29.901,33.37,36.332
15.293,14.774,13.959,12.903,11.675,12.888,10.233,7.585,5.139,3.028,38.501,39.543,39.879,39.577,38.765
10.312,8.926,7.58,6.319,5.031,1.274,-0.046,-0.967,-1.563,-1.954,37.566,36.146,34.623,33.094,31.431
3.904,2.94,2.132,1.337,0.713,-2.124,-2.153,-2.102,-1.997,-1.887,29.856,28.385,27.013,25.466,24.036
0.23,-0.149,-0.509,-0.8,-1.044,-1.804,-1.764,-1.775,-1.864,-2.041,22.707,21.466,20.118,18.872,17.721
-1.281,-1.515,-1.772,-2.063,-2.405,-2.304,-2.611,-3.004,-3.499,-4.108,16.66,15.783,14.982,14.261,13.629
-2.899,-3.509,-4.261,-5.193,-6.471,-4.994,-6.11,-7.498,-9.185,-11.401,13.02,12.594,12.413,12.571,13.296
-8.039,-9.878,-11.861,-12.972,-13.972,-13.954,-16.596,-18.749,-19.448,-19.537,14.88,17.599,21.644,24.555,27.748
-14.776,-15.297,-15.465,-15.233,-14.599,-18.882,-17.438,-15.252,-12.569,-9.674,31.021,34.113,36.721,38.606,39.643
-13.618,-12.424,-11.07,-9.648,-8.233,-6.816,-4.319,-2.241,-0.639,0.512,39.824,39.303,38.268,36.887,35.341
-6.903,-5.677,-4.577,-3.613,-2.462,1.279,1.752,2.003,2.103,2.092,33.788,32.256,30.786,29.396,27.549
-1.555,-0.854,-0.317,0.065,0.371,1.989,1.868,1.772,1.722,1.717,25.857,24.301,22.864,21.653,20.517
0.62,0.837,1.041,1.241,1.446,1.765,1.865,2.016,2.226,2.501,19.451,18.451,17.513,16.636,15.821
1.67,1.987,2.363,2.815,3.372,2.846,3.367,4.029,4.861,5.893,15.068,14.246,13.531,12.945,12.519
4.148,5.121,6.323,7.779,9.009,7.306,9.064,11.184,13.594,15.452,12.292,12.426,13.078,14.463,16.088
10.349,11.745,13.1,14.02,14.77,17.222,18.677,19.528,19.577,18.987,18.351,21.293,24.846,27.828,30.87
15.279,15.49,15.368,14.9,14.111,17.718,15.811,13.397,10.714,8.003,33.759,36.274,38.202,39.416,39.887
13.059,11.764,10.357,8.924,7.532,5.462,3.161,1.318,-0.049,-0.992,39.669,38.859,37.63,36.141,34.556
6.225,5.04,3.992,3.085,2.082,-1.606,-1.957,-2.119,-2.157,-2.101,32.974,31.441,29.986,28.618,26.922
1.287,0.669,0.188,-0.18,-0.477,-1.993,-1.882,-1.802,-1.765,-1.777,25.362,23.919,22.58,21.376,20.248
-0.722,-0.938,-1.147,-1.355,-1.573,-1.844,-1.966,-2.143,-2.382,-2.692,19.192,18.202,17.274,16.41,15.61
-1.815,-2.158,-2.57,-3.069,-3.683,-3.078,-3.657,-4.389,-5.308,-6.443,14.876,14.085,13.411,12.881,12.533
-4.536,-5.603,-6.913,-8.478,-9.677,-7.987,-9.891,-12.148,-14.632,-16.327,12.431,12.753,13.68,15.448,17.259
-10.948,-12.235,-13.447,-14.477,-15.182,-17.852,-18.997,-19.521,-19.179,-17.856,19.644,22.606,26.041,29.751,33.327
-15.445,-15.212,-14.665,-13.825,-12.749,-15.608,-12.633,-9.978,-7.349,-4.937,36.357,38.533,39.509,39.781,39.424
-11.509,-10.145,-8.765,-7.431,-6.186,-2.871,-1.171,0.1,0.978,1.54,38.569,37.345,35.914,34.391,32.867
-4.91,-3.798,-2.851,-2.062,-1.293,1.905,2.056,2.07,2.011,1.901,31.2,29.624,28.151,26.779,25.241
-0.692,-0.229,0.133,0.471,0.745,1.79,1.707,1.668,1.679,1.762,23.817,22.493,21.257,19.938,18.715
0.975,1.199,1.424,1.67,1.95,1.928,2.173,2.466,2.844,3.32,17.584,16.538,15.653,14.841,14.108
2.28,2.756,3.345,4.075,4.984,3.909,4.766,5.85,7.205,8.863,13.462,12.832,12.376,12.153,12.253
6.232,7.775,9.604,11.611,12.72,11.052,13.613,16.328,18.653,19.481,12.888,14.347,16.916,20.831,23.601
13.747,14.614,15.241,15.552,15.491,19.772,19.38,18.235,16.335,13.862,26.688,29.927,33.088,35.891,38.076
15.037,14.224,13.188,11.96,10.62,11.058,8.162,5.582,3.33,1.498,39.477,40.037,39.854,39.112,37.96
9.242,7.869,6.571,5.382,4.32,0.1,-0.917,-1.593,-1.996,-2.204,36.566,35.052,33.515,32.013,30.582
3.087,2.082,1.279,0.648,0.068,-2.29,-2.241,-2.138,-2.034,-1.944,28.767,27.099,25.564,24.147,22.603
-0.372,-0.705,-0.985,-1.222,-1.456,-1.917,-1.972,-2.109,-2.294,-2.551,21.182,19.873,18.661,17.672,16.756
-1.698,-1.968,-2.324,-2.747,-3.256,-2.89,-3.317,-3.912,-4.66,-5.589,15.913,15.146,14.382,13.738,13.241
-3.877,-4.747,-5.827,-7.141,-8.697,-6.726,-8.286,-10.19,-12.416,-14.825,12.929,12.871,13.252,14.252,16.093
-9.853,-11.066,-12.281,-13.414,-14.369,-16.405,-17.797,-18.806,-19.225,-18.843,17.904,20.243,23.099,26.367,29.857
-15.021,-15.268,-15.063,-14.544,-13.737,-17.569,-15.454,-12.678,-10.103,-7.54,33.212,36.07,38.153,39.149,39.458
-12.694,-11.488,-10.145,-8.783,-7.466,-5.176,-3.141,-1.445,-0.175,0.704,39.146,38.339,37.149,35.742,34.234
-6.236,-4.986,-3.898,-2.972,-2.201,1.268,1.631,1.782,1.796,1.735,32.72,31.069,29.504,28.037,26.666
-1.451,-0.87,-0.425,-0.083,0.229,1.619,1.497,1.399,1.338,1.316,25.122,23.69,22.356,21.108,19.778
0.474,0.671,0.855,1.037,1.232,1.357,1.467,1.644,1.86,2.144,18.541,17.393,16.325,15.415,14.57
1.45,1.706,2.08,2.546,3.129,2.508,2.963,3.638,4.503,5.608,13.793,13.088,12.355,11.751,11.315
3.865,4.898,6.214,7.847,9.787,6.996,8.887,11.245,14.02,16.928,11.107,11.25,11.978,13.568,16.374
10.944,12.128,13.282,14.333,15.196,18.387,19.576,20.321,20.447,19.798,18.539,21.178,24.249,27.63,31.128
15.772,15.982,15.786,15.267,14.448,18.322,16.086,13.256,10.468,7.681,34.434,37.248,39.33,40.433,40.814
13.381,12.134,10.741,9.313,7.914,5.094,2.844,0.957,-0.483,-1.506,40.541,39.74,38.538,37.103,35.559
6.59,5.217,4.001,2.948,2.054,-2.186,-2.65,-2.872,-2.937,-2.91,34.007,32.313,30.717,29.233,27.859
1.147,0.425,-0.147,-0.607,-1.079,-2.825,-2.731,-2.666,-2.653,-2.717,26.3,24.87,23.552,22.331,20.932
-1.471,-1.812,-2.154,-2.478,-2.838,-2.89,-3.189,-3.613,-4.067,-4.632,19.657,18.506,17.471,16.692,16.011
-3.246,-3.721,-4.396,-5.211,-6.184,-5.321,-6.146,-7.319,-8.732,-10.387,15.441,15.004,14.692,14.675,15.05
-7.332,-8.507,-9.796,-11.143,-12.442,-12.24,-13.991,-15.675,-17.063,-17.861,15.94,17.282,19.262,21.924,25.19
-13.273,-13.937,-14.367,-14.517,-14.354,-17.885,-17.34,-16.194,-14.497,-12.372,27.816,30.481,32.99,35.146,36.763
-13.877,-13.112,-12.12,-10.89,-9.576,-10.037,-7.701,-5.536,-3.556,-2.002,37.74,38.057,37.771,36.944,35.739
-8.261,-7.01,-5.858,-4.838,-3.957,-0.884,-0.142,0.315,0.547,0.618,34.302,32.779,31.261,29.782,28.368
-3.218,-2.459,-1.884,-1.465,-1.168,0.587,0.463,0.292,0.109,-0.071,27.026,25.415,23.912,22.507,21.192
-0.918,-0.782,-0.748,-0.774,-0.82,-0.291,-0.499,-0.692,-0.901,-1.109,19.688,18.297,17.009,15.816,14.899
-0.903,-1.023,-1.183,-1.455,-1.82,-1.348,-1.628,-1.966,-2.518,-3.241,14.042,13.244,12.505,11.641,10.891
-2.306,-2.948,-3.577,-4.35,-5.294,-4.19,-5.436,-6.642,-8.113,-9.88,10.281,9.86,9.715,9.787,10.165
-6.437,-7.792,-9.368,-11.126,-12.949,-11.949,-14.28,-16.758,-19.11,-20.873,10.977,12.377,14.594,17.808,22.082
-14.099,-15.115,-15.909,-16.398,-16.513,-21.423,-21.273,-20.296,-18.471,-15.879,25.432,29.024,32.628,35.964,38.721
-16.214,-15.502,-14.435,-13.116,-11.624,-12.791,-9.516,-6.321,-3.489,-1.144,40.667,41.693,41.811,41.179,40.001
-10.055,-8.491,-7.039,-5.689,-4.464,0.658,1.951,2.803,3.338,3.634,38.469,36.784,35.149,33.56,32.057
-3.375,-1.999,-0.894,-0.019,0.673,3.767,3.788,3.708,3.613,3.561,30.656,28.753,27.051,25.52,24.133
1.205,1.649,2.03,2.381,2.73,3.574,3.663,3.838,4.101,4.454,22.932,21.83,20.822,19.903,19.073
3.088,3.471,3.895,4.462,5.121,4.905,5.464,6.134,7.054,8.146,18.339,17.712,17.203,16.785,16.595
5.886,6.77,7.968,9.312,10.73,9.409,10.82,12.609,14.366,15.802,16.688,17.132,18.202,20.028,22.676
12.072,12.794,13.335,13.635,13.659,16.523,16.408,15.767,14.599,12.97,26.02,28.374,30.708,32.834,34.58
13.388,12.834,12.037,11.058,9.878,11.021,8.954,6.954,5.161,3.558,35.797,36.42,36.459,35.987,35.048
8.661,7.483,6.397,5.415,4.576,2.353,1.535,1.034,0.761,0.674,33.808,32.394,30.927,29.45,28.016
3.882,3.328,2.811,2.464,2.264,0.717,0.844,1.077,1.364,1.686,26.643,25.339,23.809,22.383,21.055
2.182,2.198,2.321,2.552,2.884,2.047,2.491,3.005,3.61,4.34,19.824,18.619,17.526,16.552,15.713
3.318,3.878,4.583,5.454,6.311,5.228,6.308,7.614,9.166,10.635,15.036,14.551,14.315,14.413,14.822
7.302,8.423,9.653,10.945,12.217,12.251,13.948,15.602,17.042,17.975,15.62,16.899,18.742,21.2,24.249
13.354,14.209,14.607,14.61,14.189,18.119,17.282,15.687,13.463,10.873,27.724,31.293,34.105,36.33,37.757
13.382,12.42,11.284,10.053,8.796,8.156,5.887,3.913,2.314,1.105,38.313,38.132,37.438,36.363,35.06
7.537,6.361,5.298,4.365,3.33,0.223,-0.345,-0.665,-0.809,-0.828,33.615,32.138,30.683,29.284,27.529
2.509,1.878,1.405,1.06,0.814,-0.729,-0.576,-0.408,-0.246,-0.097,25.893,24.37,22.949,21.631,20.393
0.65,0.544,0.475,0.443,0.441,0.033,0.149,0.262,0.371,0.48,19.23,18.134,17.101,16.129,15.213
0.463,0.511,0.588,0.699,0.845,0.598,0.759,0.951,1.185,1.481,14.35,13.402,12.521,11.704,10.95
1.091,1.429,1.891,2.526,3.183,1.971,2.639,3.556,4.813,6.097,10.095,9.346,8.728,8.291,8.132
4.02,5.078,6.403,7.642,9.07,7.726,9.76,12.221,14.411,16.763,8.208,8.64,9.619,10.919,12.871
10.669,12.373,13.599,14.757,15.771,19.097,21.105,22.115,22.547,22.231,15.628,19.292,22.483,26.057,29.849
16.554,17.025,17.11,16.772,16.028,21.063,19.008,16.223,12.953,9.464,33.621,37.072,39.891,41.857,42.867
15.029,13.789,12.381,10.881,9.344,6.331,3.499,1.098,-0.821,-2.285,42.976,42.417,41.344,39.941,38.362
7.843,6.422,5.109,3.56,2.232,-3.328,-4.017,-4.438,-4.713,-4.777,36.728,35.122,33.597,31.739,30.067
1.113,0.185,-0.679,-1.377,-1.945,-4.733,-4.652,-4.57,-4.537,-4.577,28.57,27.225,25.847,24.608,23.489
-2.426,-2.895,-3.331,-3.757,-4.204,-4.704,-4.945,-5.301,-5.779,-6.376,22.478,21.487,20.618,19.878,19.275
-4.697,-5.245,-5.858,-6.548,-7.479,-7.09,-7.926,-8.883,-9.942,-11.302,18.824,18.554,18.496,18.687,19.296
-8.512,-9.613,-10.709,-11.481,-12.13,-12.678,-13.921,-14.824,-15.135,-15.01,20.408,22.075,24.269,26.227,28.306
-12.593,-12.819,-12.773,-12.444,-11.853,-14.394,-13.298,-11.799,-10.065,-8.277,30.348,32.181,33.624,34.559,34.94
-11.052,-9.995,-8.864,-7.751,-6.722,-6.582,-4.95,-3.691,-2.828,-2.308,34.788,34.11,33.032,31.692,30.25
-5.865,-5.139,-4.55,-4.095,-3.691,-2.054,-1.986,-2.056,-2.225,-2.548,28.89,27.55,26.257,25.025,23.546
-3.469,-3.413,-3.501,-3.724,-4.093,-2.965,-3.465,-4.061,-4.807,-5.699,22.183,20.944,19.84,18.854,18.057
-4.616,-5.295,-6.164,-7.222,-8.455,-6.76,-8.015,-9.524,-11.22,-12.995,17.492,17.222,17.335,17.98,19.29
-9.808,-10.74,-11.627,-12.403,-12.996,-14.623,-15.477,-15.977,-15.995,-15.451,21.366,23.22,25.384,27.748,30.142
-13.339,-13.373,-13.076,-12.471,-11.674,-14.312,-12.688,-10.75,-8.672,-6.784,32.349,34.142,35.359,35.926,35.885
-10.714,-9.662,-8.585,-7.487,-6.474,-5.113,-3.742,-2.698,-1.928,-1.447,35.369,34.481,33.354,32.04,30.664
-5.573,-4.803,-4.022,-3.436,-3.023,-1.199,-1.122,-1.184,-1.37,-1.635,29.284,27.939,26.324,24.802,23.377
-2.762,-2.63,-2.607,-2.686,-2.857,-1.957,-2.322,-2.737,-3.209,-3.757,22.049,20.844,19.731,18.713,17.798
-3.112,-3.461,-3.913,-4.475,-5.432,-4.403,-5.164,-6.064,-7.123,-8.832,16.996,16.323,15.803,15.473,15.413
-6.65,-8.137,-9.84,-10.825,-11.789,-10.89,-13.196,-15.432,-16.447,-17.151,15.981,17.405,19.921,21.832,24.091
-12.678,-13.421,-13.952,-14.199,-14.119,-17.411,-17.118,-16.2,-14.699,-12.734,26.618,29.27,31.855,34.133,35.901
-13.708,-13.051,-12.174,-11.138,-10.008,-10.47,-8.288,-6.228,-4.418,-2.93,37.028,37.459,37.329,36.725,35.772
-8.776,-7.578,-6.46,-5.455,-4.425,-1.719,-0.866,-0.324,-0.019,0.131,34.523,33.137,31.701,30.279,28.65
-3.574,-2.893,-2.365,-1.902,-1.593,0.12,0.01,-0.153,-0.383,-0.629,27.103,25.646,24.276,22.744,21.318
-1.415,-1.333,-1.32,-1.372,-1.488,-0.878,-1.14,-1.42,-1.731,-2.085,19.989,18.75,17.639,16.606,15.65
-1.662,-1.919,-2.261,-2.704,-3.269,-2.505,-3.067,-3.762,-4.627,-5.706,14.773,13.911,13.159,12.539,12.087
-3.998,-4.916,-6.055,-7.441,-8.702,-7.073,-8.766,-10.808,-13.157,-15.132,11.855,11.948,12.504,13.721,15.284
-10.098,-11.576,-13.034,-14.002,-14.809,-17.067,-18.719,-19.763,-19.925,-19.439,17.531,20.532,24.239,27.284,30.429
-15.381,-15.655,-15.588,-15.162,-14.398,-18.244,-16.37,-13.937,-11.187,-8.374,33.458,36.139,38.238,39.608,40.203
-13.351,-12.05,-10.622,-9.156,-7.724,-5.709,-3.288,-1.333,0.128,1.144,40.067,39.304,38.088,36.589,34.979
-6.39,-5.174,-4.093,-3.151,-2.082,1.805,2.192,2.38,2.437,2.397,33.392,31.852,30.391,29.019,27.288
-1.232,-0.566,-0.046,0.348,0.67,2.296,2.191,2.119,2.094,2.122,25.702,24.242,22.891,21.702,20.589
0.94,1.181,1.415,1.651,1.899,2.209,2.356,2.564,2.841,3.194,19.549,18.577,17.669,16.827,16.053
2.173,2.562,3.027,3.585,4.265,3.63,4.283,5.101,6.115,7.348,15.351,14.604,13.992,13.548,13.318
5.197,6.342,7.718,9.311,10.403,8.995,10.969,13.214,15.539,16.901,13.397,13.971,15.225,17.372,19.274
11.52,12.607,13.593,14.395,14.917,18.021,18.735,18.88,18.31,16.982,21.626,24.386,27.439,30.599,33.576
15.082,14.858,14.337,13.541,12.522,14.965,12.419,9.937,7.474,5.206,36.086,37.912,38.84,39.11,38.789
11.347,10.028,8.694,7.405,6.204,3.254,1.609,0.38,-0.469,-1.012,37.997,36.824,35.437,33.949,32.453
4.982,3.923,3.025,2.283,1.567,-1.359,-1.497,-1.502,-1.432,-1.306,30.812,29.253,27.788,26.416,24.874
1.018,0.604,0.291,0.017,-0.19,-1.172,-1.057,-0.975,-0.919,-0.913,23.44,22.102,20.849,19.529,18.299
-0.346,-0.483,-0.615,-0.75,-0.897,-0.963,-1.06,-1.187,-1.363,-1.595,17.153,16.082,15.15,14.278,13.466
-1.067,-1.318,-1.631,-2.025,-2.531,-1.89,-2.336,-2.919,-3.679,-4.658,12.712,11.892,11.163,10.542,10.055
-3.273,-4.249,-5.516,-7.141,-8.331,-6.063,-7.917,-10.301,-13.202,-15.178,9.732,9.737,10.263,11.622,13.038
-9.661,-11.102,-12.59,-14.031,-15.275,-17.201,-19.097,-20.61,-21.437,-21.206,15.042,17.728,21.128,25.192,29.623
-16.158,-16.533,-16.387,-15.822,-14.869,-19.699,-16.948,-13.981,-10.697,-7.423,33.984,37.771,40.05,41.423,41.869
-13.605,-12.163,-10.612,-9.04,-7.516,-4.407,-1.889,0.103,1.564,2.564,41.474,40.466,39.051,37.407,35.701
-6.086,-4.782,-3.62,-2.604,-1.445,3.212,3.584,3.759,3.807,3.767,34.04,32.46,30.986,29.622,27.938
-0.509,0.242,0.845,1.338,1.754,3.678,3.599,3.569,3.602,3.71,26.419,25.039,23.778,22.634,21.583
2.119,2.459,2.8,3.154,3.533,3.9,4.176,4.539,4.997,5.557,20.619,19.741,18.949,18.25,17.654
3.954,4.535,5.212,5.999,6.908,6.225,7.171,8.292,9.587,11.027,17.174,16.774,16.611,16.745,17.249
8.132,9.498,10.925,12.247,12.933,12.836,14.578,15.944,16.526,16.289,18.408,20.348,23.121,26.564,28.932
13.423,13.659,13.612,13.269,12.651,15.52,14.235,12.516,10.519,8.45,31.235,33.285,34.914,35.989,36.465
11.802,10.789,9.601,8.394,7.239,6.488,4.763,3.26,2.149,1.411,36.368,35.786,34.772,33.494,32.072
6.183,5.217,4.401,3.733,3.206,0.971,0.74,0.686,0.755,0.902,30.612,29.119,27.675,26.297,24.99
2.725,2.411,2.242,2.189,2.232,1.153,1.453,1.789,2.166,2.619,23.469,22.052,20.736,19.518,18.363
2.376,2.623,2.97,3.437,4.038,3.145,3.765,4.512,5.453,6.601,17.317,16.389,15.594,14.943,14.501
4.795,5.728,6.541,7.465,8.495,7.989,9.635,11.011,12.498,14.04,14.334,14.541,15.004,15.807,17.018
9.612,10.783,11.949,13.024,13.904,15.54,16.865,17.804,18.145,17.716,18.698,20.887,23.574,26.654,29.907
14.469,14.647,14.385,13.705,12.859,16.438,14.43,11.923,9.154,6.855,32.947,35.496,37.282,38.181,38.254
11.817,10.649,9.424,8.151,6.939,4.785,3.047,1.68,0.631,-0.078,37.785,36.889,35.712,34.326,32.868
5.827,4.837,3.763,2.891,2.202,-0.507,-0.73,-0.82,-0.767,-0.64,31.407,29.989,28.271,26.661,25.157
1.673,1.205,0.884,0.687,0.568,-0.483,-0.288,-0.107,0.047,0.184,23.751,22.183,20.726,19.371,18.106
0.501,0.472,0.477,0.506,0.564,0.305,0.424,0.544,0.676,0.853,17.049,16.055,15.12,14.242,13.307
0.652,0.777,0.941,1.222,1.608,1.065,1.326,1.655,2.211,2.972,12.439,11.634,10.894,10.046,9.315
2.136,2.866,3.584,4.491,5.624,4.022,5.461,6.858,8.607,10.752,8.735,8.374,8.317,8.529,9.148
7.02,8.31,9.772,11.373,13.033,13.286,15.492,17.777,19.928,21.614,10.373,11.916,14.148,17.195,21.104
14.241,15.334,16.224,16.823,17.055,22.322,22.334,21.502,19.775,17.201,24.557,28.309,32.141,35.769,38.867
16.867,16.248,15.242,13.999,12.557,14.032,10.578,7.121,4.09,1.504,41.165,42.514,42.891,42.457,41.432
11.004,9.42,7.891,6.443,5.107,-0.558,-2.102,-3.182,-3.899,-4.33,40.001,38.364,36.703,35.067,33.511
3.898,2.385,1.135,0.119,-0.7,-4.558,-4.662,-4.618,-4.526,-4.45,32.061,30.158,28.471,26.969,25.623
-1.45,-2.053,-2.552,-2.998,-3.404,-4.426,-4.496,-4.678,-4.978,-5.36,24.252,23.026,21.934,20.965,20.175
-3.815,-4.249,-4.724,-5.322,-6.002,-5.851,-6.455,-7.171,-8.096,-9.156,19.502,18.958,18.559,18.309,18.309
-6.77,-7.63,-8.793,-10.024,-11.221,-10.333,-11.581,-13.117,-14.422,-15.199,18.609,19.263,20.609,22.642,25.314
-12.218,-12.686,-12.919,-12.88,-12.566,-15.156,-14.533,-13.445,-11.977,-10.25,28.357,30.415,32.256,33.716,34.682
-11.998,-11.22,-10.295,-9.293,-8.207,-8.436,-6.712,-5.201,-3.978,-3.006,35.103,35.001,34.449,33.561,32.38
-7.174,-6.24,-5.434,-4.691,-4.118,-2.359,-1.996,-1.846,-1.851,-1.997,31.06,29.685,28.319,26.831,25.413
-3.704,-3.434,-3.26,-3.295,-3.537,-2.242,-2.562,-3.103,-3.759,-4.54,24.076,22.826,21.289,19.926,18.756
-3.953,-4.406,-4.991,-5.717,-6.588,-5.502,-6.456,-7.575,-8.868,-10.324,17.817,17.266,16.945,16.915,17.255
-7.583,-8.707,-9.92,-11.141,-11.99,-11.874,-13.446,-14.874,-15.916,-16.272,18.034,19.363,21.311,23.861,26.095
-12.712,-13.238,-13.509,-13.483,-13.145,-16.136,-15.442,-14.196,-12.48,-10.487,28.471,30.813,32.929,34.612,35.723
-12.512,-11.64,-10.495,-9.256,-8.019,-8.422,-6.455,-4.578,-3.111,-2.081,36.209,36.091,35.399,34.273,32.864
-6.857,-5.872,-5.017,-4.298,-3.714,-1.431,-1.082,-0.932,-0.929,-1.025,31.347,29.925,28.527,27.179,25.891
-3.148,-2.76,-2.529,-2.428,-2.435,-1.24,-1.524,-1.856,-2.234,-2.729,24.338,22.888,21.539,20.29,19.014
-2.571,-2.838,-3.226,-3.696,-4.299,-3.309,-3.994,-4.83,-5.781,-6.927,17.867,16.862,16.021,15.418,15.028
-5.049,-5.966,-6.887,-7.94,-9.112,-8.293,-9.887,-11.414,-13.048,-14.692,14.914,15.168,15.76,16.795,18.363
-10.363,-11.629,-12.798,-13.736,-14.299,-16.18,-17.304,-17.751,-17.272,-15.787,20.522,23.284,26.52,29.962,33.216
-14.391,-14.105,-13.45,-12.487,-11.308,-13.835,-11.472,-8.967,-6.536,-4.385,35.432,36.974,37.745,37.752,37.125
-10.005,-8.671,-7.383,-6.23,-5.199,-2.652,-1.374,-0.509,0.017,0.304,36.031,34.63,33.099,31.613,30.15
-4.301,-3.54,-2.736,-2.128,-1.685,0.417,0.412,0.303,0.13,-0.067,28.741,27.4,25.744,24.199,22.757
-1.376,-1.17,-1.046,-0.993,-0.993,-0.268,-0.468,-0.667,-0.866,-1.078,21.407,20.167,19.002,17.91,16.885
-1.033,-1.117,-1.245,-1.418,-1.706,-1.317,-1.588,-1.904,-2.281,-2.873,15.925,15.028,14.195,13.427,12.557
-2.089,-2.592,-3.248,-3.88,-4.648,-3.631,-4.609,-5.866,-7.064,-8.502,11.808,11.208,10.808,10.685,10.783
-5.573,-6.674,-7.961,-9.435,-11.054,-10.198,-12.148,-14.306,-16.553,-18.651,11.186,12.004,13.372,15.474,18.45
-12.719,-13.83,-14.809,-15.568,-16.028,-20.214,-20.736,-20.584,-19.644,-17.897,22.33,25.532,28.962,32.397,35.569
-16.125,-15.82,-15.118,-14.074,-12.773,-15.424,-12.485,-9.376,-6.348,-3.635,38.182,40.017,40.975,41.067,40.433
-11.307,-9.772,-8.249,-6.847,-5.551,-1.4,0.305,1.516,2.304,2.791,39.266,37.754,36.094,34.487,32.922
-4.382,-3.35,-2.093,-1.088,-0.294,3.053,3.161,3.163,3.077,2.98,31.437,30.047,28.203,26.535,25.019
0.33,0.803,1.195,1.53,1.835,2.92,2.919,2.982,3.12,3.335,23.631,22.431,21.319,20.29,19.339
2.136,2.443,2.77,3.132,3.63,3.627,4.007,4.482,5.06,5.885,18.466,17.673,16.968,16.359,15.78
4.216,4.908,5.728,6.837,8.14,6.889,8.089,9.487,11.297,13.275,15.387,15.229,15.37,15.996,17.294
9.608,11.149,12.14,13.023,13.721,15.227,16.801,17.412,17.496,16.944,19.417,22.429,24.892,27.594,30.356
14.157,14.27,14.025,13.426,12.527,15.723,13.885,11.639,9.232,6.869,32.951,35.121,36.664,37.481,37.568
11.404,10.148,8.852,7.589,6.436,4.741,3,1.694,0.792,0.225,37.031,36.021,34.692,33.213,31.742
5.399,4.494,3.725,2.907,2.289,-0.093,-0.226,-0.234,-0.129,0.049,30.283,28.871,27.524,25.842,24.273
1.844,1.539,1.345,1.236,1.2,0.26,0.481,0.701,0.927,1.161,22.808,21.439,20.208,19.054,17.972
1.222,1.289,1.406,1.575,1.798,1.415,1.706,2.041,2.435,2.905,16.959,16.014,15.136,14.326,13.59
2.171,2.665,3.312,4.149,4.871,3.657,4.621,5.86,7.435,8.766,12.765,12.095,11.631,11.458,11.574
5.724,6.721,7.869,9.161,10.571,10.306,12.047,13.946,15.919,17.792,11.959,12.698,13.893,15.655,18.108
12.042,13.462,14.388,15.135,15.632,19.309,20.144,20.116,19.423,18.029,21.3,25.146,28.256,31.406,34.374
15.823,15.672,15.172,14.348,13.258,15.987,13.439,10.632,7.813,5.183,36.936,38.878,40.079,40.517,40.255
11.935,10.5,9.038,7.617,6.262,2.83,0.943,-0.46,-1.435,-2.081,39.404,38.141,36.63,35.028,33.418
5.031,3.937,2.986,1.918,1.066,-2.454,-2.631,-2.68,-2.637,-2.538,31.865,30.397,29.023,27.315,25.753
0.395,-0.134,-0.545,-0.884,-1.172,-2.442,-2.382,-2.372,-2.421,-2.535,24.317,22.99,21.804,20.697,19.666
-1.434,-1.692,-1.955,-2.234,-2.546,-2.716,-2.965,-3.29,-3.701,-4.204,18.706,17.815,16.995,16.251,15.587
-2.986,-3.511,-4.138,-4.897,-5.929,-4.946,-5.865,-6.99,-8.338,-10.113,14.907,14.384,14.06,13.993,14.317
-7.178,-8.642,-10.274,-11.32,-12.338,-12.169,-14.389,-16.487,-17.537,-18.228,15.234,16.933,19.586,21.745,24.269
-13.268,-14.037,-14.572,-14.8,-14.675,-18.416,-17.988,-16.872,-15.129,-12.902,27.065,29.971,32.771,35.203,37.054
-14.199,-13.476,-12.526,-11.414,-10.207,-10.379,-8.001,-5.776,-3.834,-2.247,38.195,38.582,38.382,37.697,36.661
-8.909,-7.644,-6.458,-5.383,-4.241,-0.971,-0.068,0.517,0.856,1.046,35.348,33.912,32.441,30.995,29.308
-3.286,-2.508,-1.889,-1.332,-0.924,1.065,0.985,0.86,0.696,0.54,27.72,26.234,24.843,23.32,21.902
-0.638,-0.438,-0.29,-0.189,-0.125,0.409,0.305,0.219,0.156,0.114,20.578,19.337,18.178,17.09,16.068
-0.083,-0.048,-0.024,-0.011,-0.002,0.086,0.062,0.047,0.041,0.039,15.107,14.161,13.275,12.444,11.665
0.01,0.019,0.025,0.033,0.052,0.038,0.043,0.055,0.072,0.098,10.784,9.969,9.216,8.52,7.712
0.074,0.103,0.147,0.243,0.384,0.139,0.204,0.3,0.466,0.748,6.981,6.32,5.722,5.074,4.503
0.596,0.96,1.333,1.842,2.539,1.233,2.018,2.772,3.827,5.296,4.01,3.608,3.413,3.299,3.328
3.505,4.475,5.702,7.23,9.087,7.307,9.283,11.739,14.689,18.027,3.618,4.136,5.068,6.641,9.181
10.623,12.299,14.048,15.751,16.897,20.532,22.88,24.75,25.732,25.62,11.819,15.301,19.689,24.886,29.125
17.846,18.514,18.831,18.748,18.242,24.621,22.677,19.842,16.29,12.341,33.428,37.51,41.077,43.839,45.623
17.33,16.072,14.571,12.899,11.144,8.328,4.531,1.223,-1.511,-3.632,46.386,46.198,45.264,43.812,42.049
9.381,7.65,6.015,4.504,3.133,-5.187,-6.28,-6.981,-7.385,-7.58,40.173,38.311,36.551,34.937,33.486
1.27,-0.263,-1.507,-2.507,-3.42,-7.628,-7.511,-7.349,-7.214,-7.136,31.525,29.898,28.541,27.401,26.312
-4.148,-4.738,-5.248,-5.686,-6.106,-7.155,-7.281,-7.514,-7.814,-8.187,25.407,24.663,24.063,23.629,23.322
-6.52,-6.942,-7.454,-7.984,-8.521,-8.621,-9.101,-9.692,-10.285,-10.836,23.146,23.108,23.242,23.584,24.136
-9.051,-9.658,-10.164,-10.509,-10.649,-11.295,-11.653,-11.707,-11.404,-10.752,24.882,26.006,27.273,28.546,29.674
-10.574,-10.301,-9.858,-9.295,-8.604,-9.894,-8.91,-7.915,-7.007,-6.189,30.455,30.893,30.959,30.676,30.042
-7.914,-7.292,-6.784,-6.429,-6.209,-5.625,-5.332,-5.275,-5.394,-5.668,29.158,28.117,27.035,26.04,25.108
-6.126,-6.179,-6.381,-6.73,-7.216,-6.076,-6.601,-7.296,-8.1,-8.981,24.279,23.585,23.014,22.691,22.663
-7.811,-8.481,-9.183,-9.851,-10.399,-9.889,-10.757,-11.461,-11.871,-11.88,22.972,23.643,24.68,26.027,27.545
-10.737,-10.817,-10.609,-10.153,-9.609,-11.424,-10.588,-9.51,-8.306,-7.291,28.999,30.196,30.966,31.241,31.089
-8.976,-8.314,-7.678,-7.077,-6.589,-6.424,-5.76,-5.32,-5.079,-5.051,30.611,29.872,28.972,27.934,26.869
-6.234,-6.022,-5.95,-6.064,-6.36,-5.209,-5.516,-6.033,-6.707,-7.52,25.834,24.873,23.884,23.092,22.55
-6.818,-7.43,-8.168,-8.985,-9.787,-8.449,-9.493,-10.535,-11.441,-12.045,22.315,22.447,23.033,24.097,25.584
-10.303,-10.701,-10.933,-10.97,-10.8,-12.188,-12.013,-11.507,-10.705,-9.688,26.868,28.193,29.433,30.466,31.182
-10.434,-9.907,-9.273,-8.505,-7.754,-8.583,-7.509,-6.56,-5.715,-5.147,31.519,31.47,31.075,30.321,29.336
-7.082,-6.533,-6.138,-5.883,-5.769,-4.86,-4.808,-4.928,-5.2,-5.605,28.212,27.059,25.981,24.968,24.053
-5.792,-5.965,-6.288,-6.756,-7.349,-6.125,-6.819,-7.633,-8.548,-9.53,23.265,22.579,22.124,21.946,22.094
-8.04,-8.8,-9.576,-10.285,-10.745,-10.528,-11.437,-12.125,-12.455,-12.373,22.61,23.529,24.84,26.447,27.844
-11.051,-11.162,-11.062,-10.755,-10.268,-11.95,-11.206,-10.206,-9.058,-7.896,29.195,30.367,31.247,31.755,31.863
-9.646,-8.948,-8.134,-7.371,-6.712,-6.83,-5.94,-5.186,-4.723,-4.537,31.593,31.012,30.089,28.986,27.794
-6.194,-5.83,-5.615,-5.547,-5.62,-4.569,-4.76,-5.096,-5.558,-6.135,26.604,25.484,24.445,23.52,22.736
-5.839,-6.204,-6.708,-7.334,-8.057,-6.87,-7.722,-8.675,-9.696,-10.734,22.087,21.672,21.537,21.732,22.299
-8.85,-9.66,-10.404,-10.893,-11.227,-11.682,-12.407,-12.766,-12.695,-12.268,23.279,24.66,26.351,27.828,29.265
-11.362,-11.28,-10.982,-10.491,-9.855,-11.501,-10.457,-9.246,-8.009,-6.861,30.526,31.492,32.073,32.239,32.008
-9.129,-8.271,-7.455,-6.737,-6.156,-5.89,-5.05,-4.513,-4.264,-4.242,31.445,30.521,29.399,28.173,26.939
-5.73,-5.452,-5.32,-5.327,-5.48,-4.384,-4.673,-5.086,-5.612,-6.299,25.768,24.668,23.667,22.79,22.011
-5.781,-6.227,-6.805,-7.497,-8.289,-7.11,-8.036,-9.062,-10.154,-11.237,21.44,21.12,21.102,21.436,22.18
-9.143,-9.991,-10.615,-11.123,-11.462,-12.195,-12.885,-13.134,-13.026,-12.527,23.361,24.943,26.446,28.034,29.572
-11.591,-11.486,-11.149,-10.606,-9.911,-11.657,-10.493,-9.177,-7.851,-6.63,30.917,31.927,32.514,32.652,32.369
-9.032,-8.132,-7.287,-6.55,-5.971,-5.492,-4.665,-4.158,-3.925,-3.895,31.661,30.647,29.437,28.16,26.95
-5.531,-5.23,-5.067,-5.044,-5.268,-4.029,-4.296,-4.675,-5.382,-6.281,25.776,24.669,23.65,22.399,21.412
-5.738,-6.42,-7.132,-7.973,-8.909,-7.36,-8.628,-9.82,-11.048,-12.197,20.755,20.525,20.738,21.401,22.566
-9.87,-10.57,-11.169,-11.607,-11.832,-13.096,-13.491,-13.519,-13.122,-12.299,24.224,25.793,27.506,29.224,30.788
-11.809,-11.527,-11.006,-10.299,-9.385,-11.111,-9.708,-8.249,-6.867,-5.56,32.029,32.829,33.136,32.967,32.329
-8.422,-7.496,-6.668,-6.006,-5.48,-4.575,-3.936,-3.598,-3.49,-3.554,31.333,30.097,28.771,27.52,26.296
-5.092,-4.842,-4.701,-4.776,-5.063,-3.756,-4.068,-4.635,-5.36,-6.24,25.126,24.032,22.714,21.59,20.701
-5.538,-6.124,-6.866,-7.752,-8.747,-7.294,-8.422,-9.68,-11.007,-12.292,20.109,19.887,20.049,20.673,21.823
-9.576,-10.39,-11.125,-11.711,-12.075,-13.176,-13.799,-14.038,-13.804,-13.038,23.137,24.777,26.663,28.648,30.534
-12.156,-11.925,-11.408,-10.734,-9.922,-11.825,-10.31,-8.644,-7.155,-5.839,32.097,33.166,33.662,33.619,33.159
-9.041,-8.149,-7.257,-6.457,-5.776,-4.77,-3.976,-3.418,-3.111,-3.012,32.364,31.351,30.158,28.902,27.638
-5.228,-4.74,-4.438,-4.311,-4.343,-3.07,-3.295,-3.659,-4.139,-4.731,26.405,24.976,23.649,22.443,21.378
-4.526,-4.863,-5.356,-5.999,-6.785,-5.47,-6.347,-7.372,-8.551,-9.871,20.45,19.726,19.25,19.083,19.292
-7.717,-8.767,-9.875,-10.719,-11.477,-11.278,-12.66,-13.831,-14.446,-14.655,19.976,21.213,23.03,24.822,26.846
-12.076,-12.446,-12.532,-12.306,-11.777,-14.358,-13.524,-12.19,-10.533,-8.757,28.954,30.952,32.618,33.778,34.344
-11.003,-10.024,-8.959,-7.9,-6.913,-7.025,-5.438,-4.191,-3.318,-2.782,34.313,33.751,32.775,31.516,30.134
-6.076,-5.37,-4.802,-4.372,-4.009,-2.515,-2.443,-2.522,-2.709,-3.068,28.795,27.468,26.184,24.96,23.505
-3.835,-3.836,-3.991,-4.297,-4.763,-3.538,-4.109,-4.797,-5.656,-6.681,22.175,20.985,19.954,19.084,18.45
-5.397,-6.198,-7.206,-8.387,-9.693,-7.886,-9.278,-10.899,-12.586,-14.125,18.111,18.149,18.69,19.898,21.873
-11.001,-11.766,-12.394,-12.823,-13.003,-15.18,-15.414,-15.184,-14.448,-13.228,24.583,26.643,28.795,30.872,32.698
-12.903,-12.516,-11.87,-11.021,-9.912,-11.618,-9.8,-7.958,-6.239,-4.598,34.097,34.959,35.254,35.016,34.248
-8.741,-7.599,-6.552,-5.678,-4.942,-3.353,-2.515,-2.023,-1.788,-1.735,33.096,31.7,30.22,28.825,27.459
-4.346,-3.886,-3.477,-3.249,-3.184,-1.814,-1.988,-2.307,-2.712,-3.192,26.146,24.896,23.401,22.021,20.762
-3.258,-3.459,-3.796,-4.279,-4.909,-3.759,-4.461,-5.3,-6.299,-7.489,19.632,18.619,17.778,17.145,16.774
-5.737,-6.76,-7.974,-9.342,-10.301,-8.964,-10.662,-12.507,-14.308,-15.342,16.743,17.205,18.302,20.165,21.879
-11.249,-12.126,-12.862,-13.383,-13.616,-16.089,-16.414,-16.203,-15.375,-13.975,23.953,26.313,28.817,31.269,33.418
-13.514,-13.079,-12.42,-11.558,-10.555,-12.128,-10,-8.004,-6.139,-4.523,35.057,36.059,36.381,36.175,35.528
-9.479,-8.306,-7.185,-6.161,-5.261,-3.219,-2.168,-1.458,-1.037,-0.833,34.563,33.308,31.93,30.511,29.109
-4.369,-3.659,-3.119,-2.73,-2.415,-0.779,-0.871,-1.055,-1.296,-1.659,27.511,25.993,24.562,23.219,21.652
-2.274,-2.291,-2.431,-2.635,-2.932,-2.074,-2.54,-3.091,-3.67,-4.356,20.213,18.902,17.721,16.811,16.019
-3.329,-3.835,-4.636,-5.665,-6.945,-5.174,-6.154,-7.635,-9.459,-11.613,15.364,14.877,14.571,14.72,15.509
-8.479,-9.56,-10.693,-11.823,-12.872,-13.953,-15.405,-16.679,-17.603,-17.989,17.173,18.784,20.883,23.453,26.397
-13.75,-14.341,-14.553,-14.345,-13.84,-17.65,-16.512,-14.626,-12.151,-9.814,29.536,32.548,35.107,36.966,37.86
-13.061,-12.065,-10.921,-9.628,-8.331,-7.493,-5.361,-3.539,-2.004,-0.879,38.11,37.782,36.991,35.815,34.428
-7.093,-5.957,-4.835,-3.879,-3.086,-0.127,0.33,0.597,0.675,0.633,32.942,31.449,29.835,28.296,26.843
-2.445,-1.848,-1.412,-1.108,-0.904,0.524,0.352,0.166,-0.012,-0.18,25.477,23.935,22.497,21.153,19.893
-0.762,-0.688,-0.674,-0.702,-0.758,-0.353,-0.52,-0.685,-0.864,-1.073,18.646,17.48,16.39,15.371,14.426
-0.851,-0.985,-1.16,-1.455,-1.854,-1.318,-1.611,-1.972,-2.561,-3.345,13.546,12.73,11.978,11.122,10.387
-2.388,-3.104,-3.82,-4.711,-5.808,-4.393,-5.786,-7.159,-8.849,-10.887,9.808,9.447,9.383,9.592,10.197
-7.141,-8.714,-10.519,-12.471,-14.357,-13.256,-15.868,-18.484,-20.652,-21.692,11.374,13.323,16.343,20.587,25.931
-15.304,-16.048,-16.516,-16.655,-16.432,-21.465,-20.499,-18.778,-16.376,-13.468,29.373,32.803,35.976,38.656,40.626
-15.843,-14.919,-13.726,-12.311,-10.787,-10.329,-7.226,-4.369,-1.867,0.13,41.78,42.117,41.72,40.736,39.358
-9.238,-7.727,-6.252,-4.903,-3.698,1.615,2.65,3.353,3.76,3.956,37.754,36.081,34.386,32.771,31.267
-2.642,-1.433,-0.455,0.328,0.958,4.016,3.981,3.892,3.813,3.782,29.88,28.165,26.625,25.231,23.964
1.467,1.898,2.275,2.628,2.981,3.818,3.93,4.127,4.412,4.785,22.828,21.787,20.836,19.974,19.2
3.346,3.737,4.169,4.768,5.463,5.255,5.827,6.506,7.47,8.604,18.523,17.954,17.504,17.147,17.039
6.265,7.185,8.423,9.781,11.165,9.901,11.324,13.092,14.721,15.883,17.244,17.83,19.112,21.18,24.05
12.393,12.999,13.381,13.487,13.297,16.182,15.732,14.75,13.289,11.461,27.493,29.821,32.001,33.843,35.197
12.817,12.08,11.146,10.085,8.894,9.443,7.443,5.625,4.095,2.824,35.964,36.135,35.77,34.98,33.822
7.724,6.636,5.669,4.776,4.049,1.933,1.383,1.092,0.978,1.019,32.469,31.024,29.574,28.049,26.587
3.479,3.054,2.695,2.505,2.469,1.165,1.379,1.713,2.104,2.546,25.2,23.893,22.366,20.957,19.666
2.556,2.731,3.006,3.39,3.889,3.062,3.639,4.323,5.138,6.114,18.496,17.517,16.663,15.953,15.418
4.624,5.56,6.717,8.1,9.192,7.484,9.15,11.103,13.245,14.757,15.076,15.135,15.744,17.091,18.586
10.35,11.52,12.614,13.533,14.145,16.119,17.144,17.623,17.34,16.207,20.604,23.14,26.097,29.292,32.359
14.346,14.093,13.557,12.758,11.753,14.284,11.748,9.467,7.224,5.187,34.933,36.75,37.541,37.704,37.308
10.613,9.338,8.072,6.873,5.783,3.464,2.03,0.994,0.317,-0.083,36.474,35.276,33.885,32.408,30.93
4.709,3.805,3.064,2.476,1.939,-0.302,-0.343,-0.273,-0.141,0.059,29.322,27.788,26.34,24.977,23.439
1.561,1.316,1.169,1.092,1.083,0.275,0.49,0.706,0.94,1.189,22.005,20.666,19.413,18.22,17.106
1.139,1.247,1.407,1.628,1.921,1.46,1.775,2.17,2.65,3.241,16.07,15.109,14.196,13.367,12.629
2.297,2.974,3.897,5.131,6.763,3.976,5.263,7.01,9.33,12.236,11.997,11.356,11.05,11.278,12.384
7.883,9.142,10.516,11.949,13.357,14.095,16.027,17.881,19.428,20.391,13.567,15.295,17.663,20.715,24.426
14.601,15.524,15.978,15.914,15.433,20.407,19.235,16.866,14.158,11.087,28.557,32.72,36.436,38.779,40.262
14.559,13.366,11.957,10.428,8.878,7.972,5.063,2.563,0.588,-0.848,40.84,40.573,39.649,38.281,36.651
7.379,6.015,4.78,3.686,2.737,-1.817,-2.421,-2.76,-2.913,-2.947,34.944,33.318,31.76,30.295,28.931
1.678,0.831,0.162,-0.368,-0.794,-2.893,-2.797,-2.71,-2.666,-2.678,27.249,25.715,24.307,23.007,21.823
-1.15,-1.456,-1.741,-2.026,-2.323,-2.755,-2.906,-3.133,-3.436,-3.826,20.723,19.703,18.76,17.891,17.102
-2.643,-3.003,-3.51,-4.114,-4.835,-4.313,-4.904,-5.763,-6.814,-8.082,16.4,15.792,15.207,14.814,14.668
-5.697,-6.869,-8.255,-9.823,-11.466,-9.568,-11.498,-13.615,-15.697,-17.325,14.843,15.541,16.979,19.333,22.672
-12.46,-13.336,-14.015,-14.423,-14.502,-17.87,-17.863,-17.198,-15.856,-13.9,25.252,28.05,30.879,33.505,35.671
-14.22,-13.584,-12.65,-11.463,-10.143,-11.552,-9.062,-6.639,-4.419,-2.622,37.186,37.959,37.996,37.392,36.304
-8.786,-7.47,-6.285,-5.221,-4.294,-1.292,-0.387,0.17,0.477,0.601,34.894,33.346,31.838,30.354,28.926
-3.506,-2.669,-2.032,-1.565,-1.234,0.606,0.505,0.34,0.154,-0.031,27.568,25.889,24.326,22.868,21.506
-1.007,-0.861,-0.784,-0.755,-0.761,-0.208,-0.376,-0.538,-0.701,-0.88,20.26,19.091,17.992,16.959,15.988
-0.804,-0.883,-0.995,-1.184,-1.44,-1.077,-1.301,-1.565,-1.974,-2.495,15.077,14.224,13.428,12.513,11.691
-1.781,-2.226,-2.824,-3.605,-4.616,-3.165,-4.033,-5.184,-6.686,-8.616,10.972,10.376,9.934,9.726,9.871
-5.915,-7.071,-8.418,-9.941,-11.589,-11.019,-13.06,-15.294,-17.576,-19.631,10.571,11.583,13.194,15.558,18.798
-12.797,-13.959,-14.998,-15.826,-16.359,-20.758,-21.376,-21.308,-20.428,-18.674,21.696,25.008,28.593,32.231,35.629
-16.515,-16.251,-15.577,-14.652,-13.485,-16.172,-13.147,-9.852,-6.895,-4.197,38.467,40.504,41.616,41.827,41.38
-12.149,-10.717,-9.223,-7.766,-6.39,-1.893,-0.042,1.395,2.413,3.081,40.416,39.107,37.582,35.982,34.393
-5.125,-3.676,-2.442,-1.41,-0.561,3.482,3.735,3.79,3.744,3.663,32.873,31.043,29.376,27.863,26.486
0.224,0.852,1.357,1.781,2.187,3.583,3.549,3.588,3.71,3.933,25.05,23.742,22.547,21.451,20.392
2.567,2.942,3.343,3.799,4.318,4.264,4.712,5.28,5.978,6.819,19.439,18.599,17.877,17.283,16.849
4.914,5.603,6.548,7.647,8.881,7.812,8.956,10.474,12.14,13.833,16.61,16.606,16.97,17.854,19.369
10.201,11.174,12.081,12.85,13.404,15.333,16.142,16.533,16.376,15.601,21.583,23.657,26.034,28.577,31.09
13.675,13.608,13.191,12.462,11.54,14.2,12.326,10.186,7.975,5.998,33.328,35.062,36.144,36.524,36.287
10.468,9.324,8.177,7.059,6.041,4.305,2.964,1.982,1.303,0.897,35.573,34.507,33.235,31.847,30.429
5.145,4.383,3.58,2.985,2.573,0.706,0.665,0.76,0.964,1.231,29.031,27.68,25.988,24.402,22.922
2.316,2.189,2.158,2.214,2.347,1.542,1.864,2.222,2.623,3.083,21.545,20.364,19.266,18.251,17.323
2.551,2.834,3.201,3.661,4.482,3.624,4.26,5.013,5.908,7.428,16.486,15.752,15.134,14.657,14.293
5.551,6.901,8.538,9.633,10.78,9.336,11.626,14.136,15.607,16.896,14.411,15.225,17.015,18.67,20.819
11.924,12.985,13.871,14.467,14.678,17.825,18.204,17.843,16.668,14.731,23.446,26.45,29.649,32.713,35.313
14.463,13.95,13.161,12.152,10.993,12.199,9.818,7.455,5.287,3.434,37.196,38.095,38.344,38.008,37.206
9.688,8.377,7.124,5.971,4.826,1.876,0.733,-0.034,-0.505,-0.783,36.02,34.624,33.13,31.632,30.007
3.848,3.033,2.372,1.752,1.293,-0.87,-0.836,-0.735,-0.573,-0.402,28.46,27.002,25.632,24.09,22.652
0.967,0.74,0.57,0.465,0.416,-0.242,-0.099,0.041,0.164,0.271,21.308,20.048,18.789,17.611,16.508
0.402,0.408,0.439,0.495,0.574,0.377,0.494,0.622,0.769,0.946,15.476,14.523,13.631,12.797,12.017
0.705,0.886,1.13,1.456,1.921,1.226,1.591,2.075,2.72,3.631,11.121,10.305,9.572,8.931,8.381
2.55,3.397,4.541,5.594,6.877,4.872,6.554,8.787,10.779,13.127,7.992,7.855,8.138,8.744,9.861
8.406,10.169,11.477,12.826,14.151,15.766,18.492,20.23,21.656,22.546,11.693,14.479,17.043,20.186,23.866
15.363,16.357,17.012,17.227,16.956,22.672,21.824,19.942,17.122,13.59,27.935,32.149,36.104,39.409,41.773
16.343,15.407,14.205,12.811,11.288,10.313,7.081,4.112,1.555,-0.539,42.896,43.205,42.795,41.82,40.458
9.727,8.192,6.729,5.164,3.764,-2.137,-3.278,-4.045,-4.586,-4.851,38.881,37.219,35.578,33.778,32.118
2.537,1.479,0.376,-0.521,-1.248,-4.937,-4.92,-4.839,-4.75,-4.698,30.609,29.244,27.714,26.35,25.124
-1.845,-2.385,-2.852,-3.274,-3.681,-4.711,-4.809,-5.005,-5.304,-5.708,24.016,22.944,21.984,21.137,20.4
-4.104,-4.551,-5.037,-5.576,-6.299,-6.214,-6.828,-7.551,-8.379,-9.479,19.78,19.293,18.957,18.793,18.858
-7.117,-8.022,-8.999,-9.894,-10.766,-10.686,-11.943,-13.147,-14.064,-14.701,19.264,20.073,21.326,22.822,24.654
-11.554,-12.186,-12.592,-12.704,-12.492,-14.929,-14.65,-13.805,-12.471,-10.796,26.74,28.927,31.013,32.763,33.998
-11.975,-11.279,-10.426,-9.481,-8.508,-8.94,-7.262,-5.757,-4.509,-3.554,34.626,34.665,34.251,33.473,32.449
-7.503,-6.581,-5.774,-5.098,-4.457,-2.844,-2.412,-2.212,-2.183,-2.307,31.211,29.895,28.563,27.257,25.738
-4.004,-3.721,-3.592,-3.594,-3.714,-2.563,-2.918,-3.359,-3.862,-4.452,24.307,22.977,21.757,20.698,19.757
-3.95,-4.296,-4.751,-5.326,-6.027,-5.137,-5.938,-6.873,-7.952,-9.178,18.95,18.298,17.831,17.591,17.631
-6.856,-7.849,-8.956,-10.13,-11.28,-10.53,-12.029,-13.505,-14.777,-15.607,18.017,18.866,20.267,22.269,24.819
-12.045,-12.665,-13.075,-13.23,-13.098,-15.777,-15.463,-14.63,-13.308,-11.603,26.975,29.203,31.329,33.176,34.569
-12.678,-11.998,-11.116,-9.977,-8.779,-9.702,-7.793,-6.025,-4.352,-3.083,35.407,35.666,35.388,34.582,33.403
-7.609,-6.534,-5.621,-4.847,-4.214,-2.225,-1.714,-1.458,-1.388,-1.45,31.99,30.498,29.078,27.689,26.355
-3.718,-3.267,-2.992,-2.875,-2.89,-1.604,-1.89,-2.251,-2.673,-3.166,25.084,23.57,22.165,20.871,19.694
-3.025,-3.288,-3.685,-4.217,-4.912,-3.781,-4.512,-5.385,-6.436,-7.732,18.595,17.645,16.868,16.303,16.004
-5.784,-6.846,-8.095,-9.131,-10.223,-9.27,-11.03,-12.926,-14.33,-15.583,16.078,16.645,17.85,19.249,21.131
-11.319,-12.339,-13.19,-13.755,-13.938,-16.515,-16.939,-16.668,-15.628,-13.872,23.485,26.218,29.156,31.973,34.344
-13.703,-13.194,-12.432,-11.473,-10.385,-11.562,-9.431,-7.332,-5.42,-3.804,36.03,36.789,36.951,36.577,35.782
-9.157,-7.941,-6.797,-5.764,-4.769,-2.445,-1.472,-0.846,-0.489,-0.31,34.617,33.257,31.806,30.349,28.777
-3.941,-3.273,-2.755,-2.295,-1.997,-0.3,-0.4,-0.564,-0.815,-1.099,27.273,25.848,24.504,22.971,21.545
-1.837,-1.785,-1.813,-1.924,-2.119,-1.403,-1.737,-2.115,-2.549,-3.055,20.219,18.989,17.865,16.834,15.899
-2.394,-2.784,-3.293,-3.943,-4.759,-3.663,-4.468,-5.462,-6.689,-8.186,15.069,14.31,13.718,13.342,13.258
-5.458,-6.265,-7.185,-8.219,-9.354,-9.432,-10.83,-12.361,-13.976,-15.598,13.435,13.869,14.626,15.778,17.396
-10.563,-11.797,-12.976,-13.839,-14.522,-17.085,-18.252,-18.88,-18.829,-18.157,19.548,22.246,25.41,28.272,31.154
-14.957,-15.093,-14.9,-14.375,-13.55,-16.838,-14.931,-12.578,-10.015,-7.47,33.846,36.138,37.837,38.839,39.136
-12.486,-11.186,-9.798,-8.407,-7.077,-5.125,-3.01,-1.351,-0.153,0.648,38.795,37.898,36.623,35.123,33.548
-5.83,-4.718,-3.75,-2.928,-2.067,1.155,1.42,1.517,1.508,1.414,31.968,30.442,28.994,27.631,25.995
-1.398,-0.888,-0.502,-0.201,0.028,1.282,1.152,1.046,0.97,0.933,24.478,23.068,21.75,20.505,19.338
0.204,0.349,0.483,0.611,0.738,0.939,0.983,1.063,1.184,1.351,18.242,17.211,16.242,15.331,14.478
0.878,1.078,1.318,1.613,1.987,1.568,1.898,2.328,2.888,3.605,13.68,12.801,12.002,11.289,10.676
2.543,3.269,4.215,5.448,6.561,4.655,6.045,7.864,10.172,12.169,10.132,9.8,9.791,10.288,11.118
7.875,9.386,11.053,12.273,13.474,14.411,16.775,19.012,20.31,21.172,12.515,14.651,17.68,20.399,23.577
14.585,15.518,16.185,16.495,16.386,21.408,20.865,19.436,17.192,14.313,27.105,30.788,34.354,37.464,39.838
15.854,15.051,13.983,12.718,11.328,11.041,8.06,5.263,2.808,0.782,41.306,41.806,41.613,40.849,39.676
9.843,8.371,6.964,5.656,4.2,-0.838,-2.018,-2.818,-3.32,-3.654,38.224,36.649,35.052,33.505,31.704
2.941,1.873,0.982,0.133,-0.545,-3.769,-3.757,-3.69,-3.601,-3.542,30.05,28.542,27.167,25.703,24.37
-1.091,-1.542,-1.986,-2.386,-2.767,-3.541,-3.615,-3.792,-4.08,-4.491,23.15,22.03,20.877,19.839,18.919
-3.166,-3.593,-4.073,-4.62,-5.251,-5.027,-5.658,-6.423,-7.331,-8.385,18.121,17.482,16.986,16.661,16.542
-6.122,-7.138,-8.296,-9.564,-10.542,-9.802,-11.392,-13.071,-14.671,-15.669,16.725,17.361,18.56,20.408,22.234
-11.496,-12.363,-13.07,-13.541,-13.706,-16.346,-16.564,-16.213,-15.227,-13.677,24.415,26.863,29.418,31.868,33.959
-13.526,-13.012,-12.285,-11.367,-10.323,-11.714,-9.517,-7.499,-5.652,-4.081,35.491,36.352,36.537,36.205,35.451
-9.22,-8.045,-6.932,-5.924,-5.043,-2.838,-1.863,-1.217,-0.846,-0.678,34.405,33.103,31.703,30.279,28.882
-4.154,-3.454,-2.928,-2.554,-2.252,-0.653,-0.766,-0.963,-1.212,-1.589,27.255,25.714,24.266,22.909,21.298
-2.128,-2.171,-2.339,-2.552,-2.853,-2.015,-2.49,-3.058,-3.63,-4.31,19.823,18.482,17.28,16.402,15.637
-3.251,-3.754,-4.581,-5.651,-6.99,-5.12,-6.092,-7.62,-9.521,-11.782,15.004,14.531,14.227,14.402,15.258
-8.602,-9.693,-10.833,-11.968,-13.02,-14.241,-15.698,-16.969,-17.878,-18.24,17.061,18.731,20.888,23.515,26.509
-13.897,-14.487,-14.699,-14.49,-13.981,-17.869,-16.695,-14.768,-12.253,-9.868,29.69,32.737,35.326,37.209,38.122
-13.196,-12.19,-11.032,-9.726,-8.413,-7.498,-5.32,-3.455,-1.885,-0.73,38.384,38.058,37.263,36.082,34.687
-7.155,-5.998,-4.848,-3.864,-3.043,0.048,0.525,0.81,0.902,0.871,33.193,31.693,30.068,28.521,27.063
-2.376,-1.749,-1.284,-0.952,-0.719,0.772,0.613,0.444,0.287,0.148,25.693,24.15,22.712,21.367,20.106
-0.542,-0.431,-0.376,-0.355,-0.352,0.012,-0.104,-0.203,-0.298,-0.4,18.841,17.657,16.549,15.512,14.559
-0.373,-0.416,-0.48,-0.586,-0.733,-0.51,-0.633,-0.78,-1.012,-1.313,13.666,12.829,12.046,11.148,10.325
-0.932,-1.2,-1.601,-2.15,-2.901,-1.709,-2.238,-3.025,-4.114,-5.62,9.579,8.913,8.29,7.807,7.535
-3.936,-4.89,-6.068,-7.499,-9.192,-7.665,-9.502,-11.721,-14.304,-17.122,7.615,8.007,8.826,10.265,12.576
-10.581,-12.061,-13.566,-14.991,-15.961,-19.186,-21.034,-22.395,-22.96,-22.642,14.97,18.065,21.869,26.256,29.926
-16.723,-17.203,-17.347,-17.121,-16.521,-21.547,-19.658,-17.059,-13.932,-10.564,33.567,36.927,39.762,41.849,43.08
-15.576,-14.349,-12.899,-11.329,-9.721,-7.228,-4.149,-1.458,0.71,2.343,43.454,43.06,42.058,40.646,39
-8.14,-6.573,-5.126,-3.82,-2.663,3.502,4.309,4.791,5.038,5.13,37.281,35.533,33.876,32.344,30.944
-1.271,-0.138,0.775,1.512,2.11,5.113,5.02,4.929,4.888,4.918,29.173,27.614,26.233,25,23.909
2.616,3.056,3.463,3.863,4.27,5.032,5.236,5.534,5.924,6.41,22.928,22.051,21.275,20.6,20.036
4.697,5.159,5.782,6.483,7.263,6.992,7.669,8.601,9.651,10.788,19.596,19.292,19.132,19.244,19.676
8.121,9.252,10.395,11.435,12.206,11.951,13.301,14.302,14.671,14.199,20.472,21.986,24.117,26.742,29.532
12.523,12.481,12.066,11.333,10.491,13.084,11.485,9.639,7.723,6.139,31.623,33.231,34.179,34.418,34.094
9.535,8.543,7.577,6.673,5.882,4.816,3.806,3.107,2.669,2.458,33.358,32.319,31.109,29.815,28.498
5.218,4.69,4.195,3.903,3.797,2.428,2.529,2.802,3.202,3.706,27.203,25.954,24.416,22.996,21.708
3.854,4.087,4.512,5.142,5.968,4.319,5.167,6.198,7.432,8.893,20.567,19.485,18.658,18.146,18.051
6.878,7.954,9.163,10.423,11.282,10.4,12.006,13.561,14.811,15.336,18.421,19.355,20.953,23.241,25.248
12.037,12.618,12.958,13.007,12.741,15.415,14.96,13.953,12.448,10.629,27.454,29.699,31.787,33.501,34.677
12.171,11.355,10.294,9.137,7.981,8.704,6.84,5.086,3.708,2.739,35.241,35.196,34.589,33.545,32.207
6.898,5.98,5.194,4.546,4.035,2.135,1.82,1.705,1.739,1.878,30.749,29.36,27.987,26.66,25.392
3.568,3.284,3.165,3.186,3.342,2.16,2.53,2.974,3.498,4.177,23.877,22.473,21.183,20.016,18.91
3.643,4.098,4.706,5.463,6.4,4.989,5.961,7.13,8.504,10.098,17.978,17.251,16.783,16.645,16.935
7.521,8.804,9.775,10.762,11.711,11.863,13.662,14.829,15.774,16.35,17.777,19.303,20.845,22.785,25.078
12.55,13.203,13.581,13.622,13.311,16.422,15.87,14.689,12.967,10.855,27.606,30.189,32.565,34.49,35.795
12.754,11.97,11.018,9.962,8.777,8.843,6.901,5.164,3.718,2.511,36.358,36.369,35.897,35.054,33.87
7.62,6.547,5.589,4.663,3.908,1.665,1.138,0.856,0.739,0.78,32.52,31.096,29.674,28.109,26.612
3.316,2.873,2.5,2.293,2.234,0.924,1.132,1.447,1.809,2.211,25.196,23.862,22.331,20.916,19.613
2.291,2.429,2.661,2.991,3.424,2.674,3.19,3.798,4.52,5.39,18.422,17.414,16.517,15.745,15.121
4.065,4.888,5.919,7.177,8.206,6.613,8.12,9.932,12.011,13.586,14.631,14.463,14.741,15.633,16.743
9.335,10.532,11.736,12.865,13.795,15.146,16.548,17.594,18.062,17.723,18.344,20.485,23.155,26.275,29.588
14.403,14.591,14.367,13.787,12.893,16.468,14.357,12.018,9.482,7.003,32.761,35.442,37.091,37.997,38.162
11.761,10.435,9.053,7.701,6.442,4.771,2.853,1.406,0.415,-0.203,37.67,36.648,35.285,33.733,32.137
5.314,4.332,3.498,2.807,2.118,-0.554,-0.704,-0.718,-0.649,-0.502,30.589,29.099,27.684,26.348,24.771
1.602,1.232,0.972,0.769,0.653,-0.326,-0.15,0.016,0.197,0.364,23.3,21.925,20.637,19.273,18.003
0.612,0.618,0.648,0.711,0.807,0.519,0.681,0.854,1.05,1.28,16.819,15.716,14.772,13.89,13.067
0.937,1.155,1.449,1.843,2.368,1.558,2.006,2.593,3.367,4.394,12.302,11.417,10.632,9.96,9.434
2.925,3.626,4.503,5.594,6.927,5.475,6.832,8.516,10.56,12.957,9.149,9.046,9.21,9.766,10.882
8.534,10.397,12.413,13.615,14.734,15.66,18.428,20.757,21.647,21.929,12.822,15.843,20.137,23.332,26.877
15.685,16.384,16.749,16.717,16.26,21.439,20.095,17.894,15.031,11.776,30.588,34.211,37.436,39.972,41.626
15.409,14.314,12.998,11.544,10.028,8.398,5.393,2.747,0.568,-1.118,42.333,42.196,41.431,40.207,38.711
8.505,7.044,5.684,4.446,2.964,-2.363,-3.214,-3.747,-4.047,-4.213,37.092,35.456,33.873,32.381,30.504
1.724,0.704,-0.125,-0.88,-1.486,-4.209,-4.132,-4.048,-3.994,-4.012,28.819,27.306,25.94,24.54,23.275
-1.979,-2.408,-2.808,-3.202,-3.607,-4.122,-4.335,-4.646,-5.067,-5.604,22.131,21.097,20.178,19.369,18.68
-4.048,-4.582,-5.193,-5.89,-6.686,-6.26,-7.092,-8.072,-9.198,-10.449,18.123,17.693,17.47,17.499,17.832
-7.771,-8.982,-10.264,-11.503,-12.248,-12.051,-13.643,-15,-15.814,-15.88,18.702,20.216,22.433,25.276,27.477
-12.834,-13.198,-13.3,-13.113,-12.642,-15.451,-14.504,-13.085,-11.31,-9.374,29.716,31.813,33.595,34.897,35.634
-11.92,-11.007,-9.857,-8.658,-7.497,-7.461,-5.715,-4.093,-2.874,-2.057,35.795,35.435,34.569,33.36,31.943
-6.432,-5.514,-4.737,-4.103,-3.607,-1.573,-1.33,-1.268,-1.338,-1.495,30.46,29.023,27.622,26.277,24.999
-3.158,-2.883,-2.764,-2.774,-2.898,-1.779,-2.133,-2.545,-3.023,-3.613,23.484,22.077,20.781,19.597,18.496
-3.145,-3.52,-4.024,-4.69,-5.531,-4.313,-5.148,-6.154,-7.41,-8.91,17.535,16.736,16.135,15.775,15.765
-6.561,-7.783,-8.86,-10.014,-11.191,-10.649,-12.557,-14.078,-15.476,-16.561,16.219,17.283,18.636,20.524,22.955
-12.3,-13.056,-13.635,-13.974,-14.034,-17.113,-17.023,-16.387,-15.197,-13.516,25.837,28.31,30.775,33.043,34.934
-13.793,-13.258,-12.464,-11.473,-10.254,-11.481,-9.299,-7.165,-5.229,-3.467,36.287,37.026,37.154,36.739,35.823
-8.981,-7.735,-6.572,-5.51,-4.59,-2.123,-1.192,-0.605,-0.266,-0.129,34.575,33.132,31.627,30.116,28.648
-3.818,-3.187,-2.58,-2.145,-1.858,-0.132,-0.224,-0.411,-0.642,-0.895,27.246,25.915,24.352,22.891,21.527
-1.688,-1.6,-1.614,-1.725,-1.919,-1.165,-1.497,-1.864,-2.279,-2.774,20.253,18.937,17.724,16.613,15.605
-2.168,-2.501,-2.931,-3.474,-4.491,-3.345,-4.038,-4.884,-5.918,-7.775,14.76,14.025,13.419,12.977,12.73
-5.863,-7.636,-9.806,-10.916,-12.036,-10.227,-13.248,-16.42,-17.728,-18.743,13.162,14.643,17.695,19.792,22.327
-13.107,-14.054,-14.797,-15.244,-15.326,-19.299,-19.244,-18.447,-16.9,-14.7,25.24,28.397,31.592,34.532,36.945
-15.022,-14.425,-13.557,-12.475,-11.249,-12.025,-9.435,-6.91,-4.619,-2.675,38.634,39.439,39.578,39.133,38.236
-9.884,-8.515,-7.2,-5.981,-4.715,-1.054,0.142,0.957,1.469,1.795,36.977,35.53,34.005,32.489,30.8
-3.624,-2.703,-1.943,-1.194,-0.62,1.914,1.905,1.83,1.706,1.588,29.208,27.723,26.338,24.747,23.276
